01/19/2026,Support Name,LINK_ID,ORDER ID,LÍ DO REPRINT,NOTE (TEAM GANGSHEET NOTE LÊN ĐỂ IN),LOẠI ÁO,SIZE,COLOR,HÃNG ÁO,MACHINE #,AI LÀM SAI,LÝ DO LỖI,NOTE,STATUS (GANGSHEET),,Finished date
1,Phoebe,,2481028,Unhold,update ticket 23278,,,,,,,,,completed ,,01/19/2026
2,Phoebe,,2474803,resend - ko nhận đc,RESEND NEW LABEL,,,,,,,,,completed ,,01/19/2026
3,Vinh ,,2482268,"Wrong size, đã fixed",,,,,,,,,,completed ,,01/19/2026
4,Vinh ,,2483904,"Wrong size, đã fixed",,,,,,,,,,completed ,,01/19/2026
5,Vinh ,,2484356,"Wrong size, đã fixed",,,,,,,,,,completed ,,01/19/2026
6,Vinh ,,2484600,"Wrong size, đã fixed",in lại item 1 và 2 RETURN SUPPORT,,,,,,,,,completed ,,01/19/2026
7,Phoebe,,2482096,design trùng màu áo,update ticket 23289,,,,,,,,,completed ,,01/19/2026
8,Phoebe,,2483269,Đổi Design,update ticket 23294,,,,,,,,,completed ,,01/19/2026
9,Phoebe,,2484293,Mockup Lỗi,update ticket #23313,,,,,,,,,completed ,,01/19/2026
10,Phoebe,,2484371,Design Lỗi,update ticket #23314,,,,,,,,,completed ,,01/19/2026
11,Phoebe,,2472767,resend - áo lỗi/ép lỗi,NEW LABEL,,,,,,,,,completed ,,01/19/2026
12,Phoebe,,2471179,resend - áo lỗi/ép lỗi,NEW LABEL,,,,,,,,,completed ,,01/19/2026
13,Hoa,https://qr.pressify.ú/2483990,2483990,mẫu in lỗi,Fix nét tay dày lên,,,,,,,,,completed ,,01/19/2026
14,Hoa,https://qr.pressify.ú/2483988,2483988,mẫu in lỗi,Fix nét tay dày lên,,,,,,,,,completed ,,01/19/2026
15,Hoa,https://qr.pressify.ú/2483991,2483991,mẫu in lỗi,Fix nét tay dày lên,,,,,,,,,completed ,,01/19/2026
16,Hoa,https://qr.pressify.ú/2483329,2483329,mẫu in lỗi,IN HQ,,,,,,,Sọc,,completed ,,01/19/2026
17,Hoa,https://qr.pressify.ú/2483334,2483334,mẫu in lỗi,IN HQ,,,,,,,Sọc,,completed ,,01/19/2026
18,Hoa,https://qr.pressify.ú/2482866,2482866,mẫu in lỗi,IN HQ,,,,,,,Sọc,,completed ,,01/19/2026
19,Hoa,https://qr.pressify.ú/2483243,2483243,mẫu in lỗi,IN HQ,,,,,,,Sọc,,completed ,,01/19/2026
20,Hoa,https://qr.pressify.ú/2483071,2483071,mẫu in lỗi,IN HQ,,,,,,,Sọc,,completed ,,01/19/2026
21,Hoa,https://qr.pressify.ú/2483072,2483072,mẫu in lỗi,IN HQ,,,,,,,Sọc,,completed ,,01/19/2026
22,Hoa,https://qr.pressify.ú/2483868,2483868,mẫu in lỗi,IN HQ,,,,,,,Sọc,,completed ,,01/19/2026
23,Hoa,https://qr.pressify.ú/2483247,2483247,mẫu in lỗi,IN HQ,,,,,,,Sọc,,completed ,,01/19/2026
24,Hoa,https://qr.pressify.ú/2483914,2483914,mẫu in lỗi,IN HQ,,,,,,,Sọc,,completed ,,01/19/2026
25,Hoa,https://qr.pressify.ú/2483098,2483098,mẫu in lỗi,IN HQ,,,,,,,Sọc,,completed ,,01/19/2026
26,Hoa,https://qr.pressify.ú/2483092,2483092,mẫu in lỗi,IN HQ,,,,,,,Sọc,,completed ,,01/19/2026
27,Hoa,https://qr.pressify.ú/2482967,2482967,mẫu in lỗi,IN HQ,,,,,,,Sọc,,completed ,,01/19/2026
28,Hoa,https://qr.pressify.ú/2483975,2483975,mẫu in lỗi,IN HQ,,,,,,,Sọc,,completed ,,01/19/2026
29,Hoa,https://qr.pressify.ú/2483979,2483979,mẫu in lỗi,IN HQ,,,,,,,Sọc,,completed ,,01/19/2026
30,Hoa,https://qr.pressify.ú/2483980,2483980,mẫu in lỗi,IN HQ,,,,,,,Sọc,,completed ,,01/19/2026
31,Hoa,https://qr.pressify.ú/2483983,2483983,mẫu in lỗi,IN HQ,,,,,,,Sọc,,completed ,,01/19/2026
32,Hoa,https://qr.pressify.ú/2483972,2483972,mẫu in lỗi,IN HQ,,,,,,,Sọc,,completed ,,01/19/2026
33,Hoa,https://qr.pressify.ú/2483875,2483875,mẫu in lỗi,IN HQ,,,,,,,Sọc,,completed ,,01/19/2026
34,Hoa,https://qr.pressify.ú/2483253,2483253,mẫu in lỗi,IN HQ,,,,,,,Sọc,,completed ,,01/19/2026
35,Hoa,https://qr.pressify.ú/2483206,2483206,mẫu in lỗi,IN HQ,,,,,,,Sọc,,completed ,,01/19/2026
36,Hoa,https://qr.pressify.ú/2483319,2483319,mẫu in lỗi,IN HQ,,,,,,,Sọc,,completed ,,01/19/2026
37,Hoa,https://qr.pressify.ú/2483341,2483341,mẫu in lỗi,IN HQ,,,,,,,Sọc,,completed ,,01/19/2026
38,Hoa,https://qr.pressify.ú/2483338,2483338,mẫu in lỗi,IN HQ,,,,,,,Sọc,,completed ,,01/19/2026
39,Hoa,https://qr.pressify.ú/2483345,2483345,mẫu in lỗi,IN HQ,,,,,,,Sọc,,completed ,,01/19/2026
40,Hoa,https://qr.pressify.ú/2482779,2482779,mẫu in lỗi,IN HQ,,,,,,,Sọc,,completed ,,01/19/2026
41,Hoa,https://qr.pressify.ú/2484004,2484004,mẫu in lỗi,IN HQ,,,,,,,Sọc,,completed ,,01/19/2026
42,Hoa,https://qr.pressify.ú/2482761,2482761,mẫu in lỗi,IN HQ,,,,,,,Sọc,,completed ,,01/19/2026
43,Hoa,https://qr.pressify.ú/2482769,2482769,mẫu in lỗi,IN HQ,,,,,,,Sọc,,completed ,,01/19/2026
44,Hoa,https://qr.pressify.ú/2482765,2482765,mẫu in lỗi,IN HQ,,,,,,,Sọc,,completed ,,01/19/2026
45,Hoa,https://qr.pressify.ú/2482778,2482778,mẫu in lỗi,IN HQ,,,,,,,Sọc,,completed ,,01/19/2026
46,Hoa,https://qr.pressify.ú/2484003,2484003,mẫu in lỗi,IN HQ,,,,,,,Sọc,,completed ,,01/19/2026
47,Hoa,https://qr.pressify.ú/2482781,2482781,mẫu in lỗi,IN HQ,,,,,,,Sọc,,completed ,,01/19/2026
48,Hoa,https://qr.pressify.ú/2482776,2482776,mẫu in lỗi,IN HQ,,,,,,,Sọc,,completed ,,01/19/2026
49,Hoa,https://qr.pressify.ú/2482773,2482773,mẫu in lỗi,IN HQ,,,,,,,Sọc,,completed ,,01/19/2026
50,Hoa,https://qr.pressify.ú/2483825,2483825,mẫu in lỗi,IN HQ,,,,,,,Sọc,,completed ,,01/19/2026
51,Hoa,https://qr.pressify.ú/2479059,2479059,mẫu in lỗi,IN HQ,,,,,,,Sọc,,completed ,,01/19/2026
52,Hoa,https://qr.pressify.ú/2482858,2482858,mẫu in lỗi,IN HQ,,,,,,,Sọc,,completed ,,01/19/2026
53,Hoa,https://qr.pressify.ú/2480067,2480067,mẫu in lỗi,IN HQ,,,,,,,Sọc,,completed ,,01/19/2026
54,Hoa,https://qr.pressify.ú/2481777,2481777,mẫu in lỗi,IN HQ,,,,,,,Sọc,,completed ,,01/19/2026
55,Hoa,https://qr.pressify.ú/2480800,2480800,mẫu in lỗi,IN HQ,,,,,,,Sọc,,completed ,,01/19/2026
56,Hoa,https://qr.pressify.ú/2483516,2483516,mẫu in lỗi,IN HQ,,,,,,,Sọc,,completed ,,01/19/2026
57,Hoa,https://qr.pressify.ú/2481362,2481362,mẫu in lỗi,IN HQ,,,,,,,Sọc,,completed ,,01/19/2026
58,Hoa,https://qr.pressify.ú/2481834,2481834,mẫu in lỗi,IN HQ,,,,,,,Sọc,,completed ,,01/19/2026
59,Hoa,https://qr.pressify.ú/2481820,2481820,mẫu in lỗi,IN HQ,,,,,,,Sọc,,completed ,,01/19/2026
60,Hoa,https://qr.pressify.ú/2484080,2484080,mẫu in lỗi,IN HQ,,,,,,,Sọc,,completed ,,01/19/2026
61,Hoa,https://qr.pressify.ú/2483723,2483723,mẫu in lỗi,IN HQ,,,,,,,Sọc,,completed ,,01/19/2026
62,Hoa,https://qr.pressify.ú/2484299,2484299,mẫu in lỗi,IN HQ,,,,,,,Sọc,,completed ,,01/19/2026
63,Hoa,https://qr.pressify.ú/2483998,2483998,mẫu in lỗi,IN HQ,,,,,,,Sọc,,completed ,,01/19/2026
64,Hoa,https://qr.pressify.ú/2481661,2481661,mẫu in lỗi,IN HQ,,,,,,,Sọc,,completed ,,01/19/2026
65,Hoa,https://qr.pressify.ú/2483992,2483992,mẫu in lỗi,IN HQ,,,,,,,Sọc,,completed ,,01/19/2026
66,Hoa,https://qr.pressify.ú/2480123,2480123,mẫu in lỗi,IN HQ,,,,,,,Sọc,,completed ,,01/19/2026
67,Hoa,https://qr.pressify.ú/2483740,2483740,mẫu in lỗi,IN HQ,,,,,,,Sọc,,completed ,,01/19/2026
68,Hoa,https://qr.pressify.ú/2484001,2484001,mẫu in lỗi,IN HQ,,,,,,,Sọc,,completed ,,01/19/2026
69,Hoa,https://qr.pressify.ú/2483964,2483964,mẫu in lỗi,IN HQ,,,,,,,Sọc,,completed ,,01/19/2026
70,Hoa,https://qr.pressify.ú/2484109,2484109,mẫu in lỗi,IN HQ,,,,,,,Sọc,,completed ,,01/19/2026
71,Hoa,https://qr.pressify.ú/2484034,2484034,mẫu in lỗi,IN HQ,,,,,,,Sọc,,completed ,,01/19/2026
72,Hoa,https://qr.pressify.ú/2483699,2483699,mẫu in lỗi,IN HQ,,,,,,,Sọc,,completed ,,01/19/2026
73,Hoa,https://qr.pressify.ú/2483853,2483853,mẫu in lỗi,IN HQ,,,,,,,Sọc,,completed ,,01/19/2026
74,Hoa,https://qr.pressify.ú/2483826,2483826,mẫu in lỗi,IN HQ,,,,,,,Sọc,,completed ,,01/19/2026
75,Hoa,https://qr.pressify.ú/2483857,2483857,mẫu in lỗi,IN HQ,,,,,,,Sọc,,completed ,,01/19/2026
76,Hoa,https://qr.pressify.ú/2483831,2483831,mẫu in lỗi,IN HQ,,,,,,,Sọc,,completed ,,01/19/2026
77,Hoa,https://qr.pressify.ú/2483817,2483817,mẫu in lỗi,IN HQ,,,,,,,Sọc,,completed ,,01/19/2026
78,Hoa,https://qr.pressify.ú/2483823,2483823,mẫu in lỗi,IN HQ,,,,,,,Sọc,,completed ,,01/19/2026
79,Hoa,https://qr.pressify.ú/2483845,2483845,mẫu in lỗi,IN HQ,,,,,,,Sọc,,completed ,,01/19/2026
80,Hoa,https://qr.pressify.ú/2483838,2483838,mẫu in lỗi,IN HQ,,,,,,,Sọc,,completed ,,01/19/2026
81,Hoa,https://qr.pressify.ú/2483866,2483866,mẫu in lỗi,IN HQ,,,,,,,Sọc,,completed ,,01/19/2026
82,Hoa,https://qr.pressify.ú/2483827,2483827,mẫu in lỗi,IN HQ,,,,,,,Sọc,,completed ,,01/19/2026
83,Hoa,https://qr.pressify.ú/2483824,2483824,mẫu in lỗi,IN HQ,,,,,,,Sọc,,completed ,,01/19/2026
84,Hoa,https://qr.pressify.ú/2483832,2483832,mẫu in lỗi,IN HQ,,,,,,,Sọc,,completed ,,01/19/2026
85,Hoa,https://qr.pressify.ú/2483833,2483833,mẫu in lỗi,IN HQ,,,,,,,Sọc,,completed ,,01/19/2026
86,Hoa,https://qr.pressify.ú/2484108,2484108,mẫu in lỗi,IN HQ,,,,,,,Sọc,,completed ,,01/19/2026
87,Hoa,https://qr.pressify.ú/2482573,2482573,mẫu in lỗi,IN HQ,,,,,,,Sọc,,completed ,,01/19/2026
88,Hoa,https://qr.pressify.ú/2483815,2483815,mẫu in lỗi,IN HQ,,,,,,,Sọc,,completed ,,01/19/2026
89,Hoa,https://qr.pressify.ú/2483544,2483544,mẫu in lỗi,,,,,,,,mẫu in mất 1 đoạn,,completed ,,01/19/2026
90,Hoa,https://qr.pressify.ú/2483557,2483557,mẫu in lỗi,,,,,,,,mẫu in mất 1 đoạn,,completed ,,01/19/2026
91,Vinh ,https://qr.pressify.ú/2483778,2483778,Design viền mỏng ,"in lại 1 áo T-shirt military XL tăng white base lên, RETURN SUPPORT",,,,,,,viền mỏng,,completed ,,01/19/2026
92,Vinh ,https://qr.pressify.ú/2480455,2480455,Áo lủng,,Hoodie,L,Black,,,,áo lủng back,,completed ,,01/19/2026
93,Vinh ,https://qr.pressify.ú/2483564,2483564,mẫu in lỗi,,,,,,,,mẫu in mất 1 đoạn,,completed ,,01/19/2026
94,Vinh ,https://qr.pressify.ú/2483546,2483546,mẫu in lỗi,,,,,,,,mẫu in mất 1 đoạn,,completed ,,01/19/2026
95,Vinh ,https://qr.pressify.ú/2483028,2483028,Design viền mỏng ,"in lại 2 Sleeve ONLY tăng white base lên, RETURN SUPPORT",,,,,,,viền mỏng,,completed ,,01/19/2026
96,Vinh ,https://qr.pressify.ú/2482860,2482860,Design viền mỏng ,tăng white base lên,,,,,,,viền mỏng,,completed ,,01/19/2026
97,Vinh ,https://qr.pressify.ú/2483791,2483791,pick sai áo,,T shirt,XL,Forest Green,,,Tài,"size 2XL nhưng pick XL,ép ko đọc code",Dunia pick,completed ,,01/19/2026
98,Vinh ,https://qr.pressify.ú/2483943,2483943,Design viền mỏng ,tăng white base lên,T shirt,XL,Forest Green,,,,viền mỏng,,completed ,,01/19/2026
99,Vinh ,https://qr.pressify.ú/2484064,2484064,Design viền mỏng ,"fix nét tay dày lên tí, tăng white base lên ",Hoodie,M,Black,,,,viền mỏng,,completed ,,01/19/2026
100,Vinh ,https://qr.pressify.ú/2483410,2483410,Áo lủng,"In lại 1 áo HOODIE BLACK L, return support",Hoodie,L,Black,,,,áo lủng tay,,completed ,,01/19/2026
101,Vinh ,https://qr.pressify.ú/2483057,2483057,ép sai,"in lại item 2, return support",T shirt,3XL,Sand,,,Tài,ép sai mặt,,completed ,,01/19/2026
102,Vinh ,https://qr.pressify.ú/2481622,2481622,lỗi opacity,fix opacity mặt back,T shirt,M,Black,,,,nét mỏng,,completed ,,01/19/2026
103,Vinh ,https://qr.pressify.ú/2484104,2484104,Design viền mỏng ,tăng white base lên,T shirt,S,Black,,,,viền mỏng,,completed ,,01/19/2026
104,Vinh ,https://qr.pressify.ú/2484355,2484355,mẫu in lỗi,In lại ITEM 2 RETURN SUPPORT,,,,,,,Sọc,,completed ,,01/19/2026
105,Vinh ,https://qr.pressify.ú/2483173,2483173,ép lỗi,,Sweatshirt,XL,Forest Green,,,Gustavo,ép méo,,completed ,,01/19/2026
106,Hoa,https://qr.pressify.ú/2484296,2484296,mẫu in lỗi,IN HQ,,,,,,,Sọc,,completed ,,01/19/2026
107,Hoa,https://qr.pressify.ú/2484303,2484303,mẫu in lỗi,IN HQ,,,,,,,Sọc,,completed ,,01/19/2026
108,Hoa,https://qr.pressify.ú/2484267,2484267,mẫu in lỗi,IN HQ,,,,,,,Sọc,,completed ,,01/19/2026
109,Hoa,https://qr.pressify.ú/2484271,2484271,mẫu in lỗi,IN HQ,,,,,,,Sọc,,completed ,,01/19/2026
110,Hoa,https://qr.pressify.ú/2484276,2484276,mẫu in lỗi,IN HQ,,,,,,,Sọc,,completed ,,01/19/2026
111,Hoa,https://qr.pressify.ú/2484298,2484298,mẫu in lỗi,IN HQ,,,,,,,Sọc,,completed ,,01/19/2026
112,Hoa,https://qr.pressify.ú/2484270,2484270,mẫu in lỗi,IN HQ,,,,,,,Sọc,,completed ,,01/19/2026
113,Hoa,https://qr.pressify.ú/2478767,2478767,mẫu in lỗi,IN HQ,,,,,,,Sọc,,completed ,,01/19/2026
114,Hoa,https://qr.pressify.ú/2484386,2484386,mẫu in lỗi,IN HQ,,,,,,,Sọc,,completed ,,01/19/2026
115,Hoa,https://qr.pressify.ú/2478834,2478834,mẫu in lỗi,IN HQ,,,,,,,Sọc,,completed ,,01/19/2026
116,Hoa,https://qr.pressify.ú/2484352,2484352,mẫu in lỗi,IN HQ,,,,,,,Sọc,,completed ,,01/19/2026
117,Hoa,https://qr.pressify.ú/2484409,2484409,mẫu in lỗi,IN HQ,,,,,,,Sọc,,completed ,,01/19/2026
118,Hoa,https://qr.pressify.ú/2484447,2484447,mẫu in lỗi,IN HQ,,,,,,,Sọc,,completed ,,01/19/2026
119,Hoa,https://qr.pressify.ú/2483880,2483880,mẫu in lỗi,IN HQ,,,,,,,Sọc,,completed ,,01/19/2026
120,Hoa,https://qr.pressify.ú/2484269,2484269,mẫu in lỗi,IN HQ,,,,,,,Sọc,,completed ,,01/19/2026
121,Vinh ,https://qr.pressify.ú/2483118,2483118,Áo dơ,,T shirt,M,White,,,,dơ,,completed ,,01/19/2026
122,Vinh ,https://qr.pressify.ú/2482911,2482911,Design viền mỏng ,fix nét back 2 áo dày lên tí tăng white base lên,T shirt,S,Black,,,,,,completed ,,01/19/2026
123,Vinh ,,,Design viền mỏng ,,Hoodie,M,Black,,,,,,completed ,,01/19/2026
124,Vinh ,https://qr.pressify.ú/2481575,2481575,pick sai áo,"in lại áo t-shirt Sand S, return support",T shirt,XL,Black,,,Natali,pick sai áo,Thanh Nguyen pick,completed ,,01/19/2026
125,Vinh ,https://qr.pressify.ú/2482201,2482201,lỗi opacity,in lại item 1 và 2 fix opacity RETURN SUPPORT,T shirt,XL,Black,,,,lỗi opacity,,completed ,,01/19/2026
126,Vinh ,,,lỗi opacity,,T shirt,XL,Black,,,,,,completed ,,01/19/2026
127,Vinh ,https://qr.pressify.ú/2483925,2483925,ép lỗi,,Hoodie,M,Sand,,,Cesar,ép méo font,,completed ,,01/19/2026
128,Vinh ,https://qr.pressify.ú/2484805,2484805,pick sai áo,"item sai, in lại item 2",Sweatshirt,L,Maroon,,,An,pick sai áo,Lien Tran pick,completed ,,01/19/2026
129,Vinh ,https://qr.pressify.ú/2484553,2484553,mẫu in lỗi,IN HQ,,,,,,,Sọc,,completed ,,01/19/2026
130,Vinh ,https://qr.pressify.ú/2484353,2484353,mẫu in lỗi,IN HQ,,,,,,,Sọc,,completed ,,01/19/2026
131,Vinh ,https://qr.pressify.ú/2483790,2483790,mẫu in lỗi,IN HQ,,,,,,,Sọc,,completed ,,01/19/2026
132,Vinh ,https://qr.pressify.ú/2484367,2484367,mẫu in lỗi,IN HQ,,,,,,,Sọc,,completed ,,01/19/2026
133,Vinh ,https://qr.pressify.ú/2485096,2485096,mẫu in lỗi,IN HQ,,,,,,,Sọc,,completed ,,01/19/2026
134,Vinh ,https://qr.pressify.ú/2484400,2484400,mẫu in lỗi,IN HQ,,,,,,,Sọc,,completed ,,01/19/2026
135,,https://qr.pressify.ú/2484368,2484368,mẫu in lỗi,IN HQ,,,,,,,Sọc,,completed ,,01/19/2026
136,Vinh ,https://qr.pressify.ú/2484588,2484588,mẫu in lỗi,IN HQ,,,,,,,Sọc,,completed ,,01/19/2026
137,Vinh ,https://qr.pressify.ú/2485382,2485382,Design viền mỏng ,"in lại item 1,  tăng white base lên, return support",Hoodie,S,Dark Heather,,,,,,completed ,,01/19/2026
138,Vinh ,https://qr.pressify.ú/2484167,2484167,Design viền mỏng ,tăng white base lên,T shirt,M,Black,,,,,,completed ,,01/19/2026
139,Vinh ,https://qr.pressify.ú/2484100,2484100,Áo lủng,,Sweatshirt,2XL,Red,,,,áo lủng,,completed ,,01/19/2026
140,Vinh ,https://qr.pressify.ú/2481288,2481288,Design viền mỏng ,fix dày viền và tăng white base lên,T shirt,XL,Black,,,,mất viền,,completed ,,01/19/2026
141,Vinh ,https://qr.pressify.ú/2484113,2484113,In lệch màu,in màu đậm như mockup,Sweatshirt,L,Light Pink,,,,màu nhạt,,completed ,,01/19/2026
142,Vinh ,,,In lệch màu,,Sweatshirt,M,Light Pink,,,,,,completed ,,01/19/2026
143,Vinh ,https://qr.pressify.ú/2484169,2484169,Áo lủng,,T shirt,XL,Ash,,,,,,completed ,,01/19/2026
144,Vinh ,https://qr.pressify.ú/2484665,2484665,Design viền mỏng ,fix dày viền và tăng white base lên,,,,,,,,,completed ,,01/19/2026
145,Vinh ,https://qr.pressify.ú/2484502,2484502,Áo dơ,,Sweatshirt,XL,Sand,,,,áo dơ tẩy ko ra,,completed ,,01/19/2026
146,Vinh ,https://qr.pressify.ú/2484048,2484048,OVERSIZE,in lại 2 áo thu nhỏ lại 2 inch,,,,,,,,,completed ,,01/19/2026
147,Vinh ,https://qr.pressify.ú/2485595,2485595,OVERSIZE, thu nhỏ lại 2 inch,,,,,,,,,completed ,,01/19/2026
148,Vinh ,https://qr.pressify.ú/2483557,2483557,"Film Lỗi ( tróc, rách)",,,,,,,,mẫu trầy,,completed ,,01/19/2026
149,Vinh ,https://qr.pressify.ú/2483866,2483866,"Film Lỗi ( tróc, rách)",,,,,,,,mẫu trầy,,completed ,,01/19/2026
150,Vinh ,https://qr.pressify.ú/2485009,2485009,Design viền mỏng ,tăng white base lên,,,,,,,,,completed ,,01/19/2026
151,Vinh ,https://qr.pressify.ú/2485685,2485685,In lệch màu,in lại đậm như mockup,,,,,,,,,completed ,,01/19/2026
152,Vinh ,https://qr.pressify.ú/2485672,2485672,In lệch màu,in lại đậm như mockup,,,,,,,,,completed ,,01/19/2026
153,Vinh ,https://qr.pressify.ú/2481692,2481692,Design viền mỏng ,tăng white base lên,,,,,,,,,completed ,,01/19/2026
154,Vinh ,https://qr.pressify.ú/2484857,2484857,mẫu in lỗi,IN HQ,,,,,,,Sọc,,completed ,,01/19/2026
155,Vinh ,https://qr.pressify.ú/2484712,2484712,mẫu in lỗi,IN HQ,,,,,,,Sọc,,completed ,,01/19/2026
156,Vinh ,https://qr.pressify.ú/2483740,2483740,mẫu in lỗi,IN HQ,,,,,,,Sọc,,completed ,,01/19/2026
157,Vinh ,https://qr.pressify.ú/2485594,2485594,mẫu in lỗi,IN HQ,,,,,,,Sọc,,completed ,,01/19/2026
158,Vinh ,https://qr.pressify.ú/2485135,2485135,mẫu in lỗi,IN HQ,,,,,,,Sọc,,completed ,,01/19/2026
159,Vinh ,https://qr.pressify.ú/2485118,2485118,mẫu in lỗi,IN HQ,,,,,,,Sọc,,completed ,,01/19/2026
160,Vinh ,https://qr.pressify.ú/2485122,2485122,mẫu in lỗi,IN HQ,,,,,,,Sọc,,completed ,,01/19/2026
161,Vinh ,https://qr.pressify.ú/2485140,2485140,mẫu in lỗi,IN HQ,,,,,,,Sọc,,completed ,,01/19/2026
162,Vinh ,https://qr.pressify.ú/2484707,2484707,mẫu in lỗi,IN HQ,,,,,,,Sọc,,completed ,,01/19/2026
163,Vinh ,https://qr.pressify.ú/2485016,2485016,mẫu in lỗi,IN HQ,,,,,,,Sọc,,completed ,,01/19/2026
164,Vinh ,https://qr.pressify.ú/2485222,2485222,mẫu in lỗi,IN HQ,,,,,,,Sọc,,completed ,,01/19/2026
165,Vinh ,https://qr.pressify.ú/2484696,2484696,mẫu in lỗi,IN HQ,,,,,,,Sọc,,completed ,,01/19/2026
166,Vinh ,https://qr.pressify.ú/2485659,2485659,mẫu in lỗi,IN HQ,,,,,,,Sọc,,completed ,,01/19/2026
167,Vinh ,https://qr.pressify.ú/2484703,2484703,mẫu in lỗi,IN HQ,,,,,,,Sọc,,completed ,,01/19/2026
168,Vinh ,https://qr.pressify.ú/2485596,2485596,mẫu in lỗi,"IN HQ lại item 2, return support",,,,,,,Sọc,,completed ,,01/19/2026
169,Vinh ,https://qr.pressify.ú/2485848,2485848,mẫu in lỗi,IN HQ,,,,,,,Sọc,,completed ,,01/19/2026
170,Vinh ,https://qr.pressify.ú/2484334,2484334,In lệch màu,in lại đậm như mockup,T shirt,L,Black,,,,màu nhạt,,completed ,,01/19/2026
171,Vinh ,https://qr.pressify.ú/2484342,2484342,ép lỗi,,T shirt,XL,Black,,,Antonio,ép xéo,,completed ,,01/19/2026
172,Vinh ,https://qr.pressify.ú/2484860,2484860,Design viền mỏng ,"viền mỏng, tăng white base lên",,,,,,,viền mỏng,,completed ,,01/19/2026
173,Vinh ,https://qr.pressify.ú/2485718,2485718,mẫu in lỗi,IN HQ,,,,,,,Sọc,,completed ,,01/19/2026
174,Vinh ,https://qr.pressify.ú/2485719,2485719,mẫu in lỗi,IN HQ,,,,,,,Sọc,,completed ,,01/19/2026
175,Vinh ,https://qr.pressify.ú/2486030,2486030,mẫu in lỗi,IN HQ,,,,,,,Sọc,,completed ,,01/19/2026
176,Vinh ,https://qr.pressify.ú/2484733,2484733,ép lỗi,,T shirt,L,Light Pink,,,Greyli,ÉP KẸP VẢI,,completed ,,01/19/2026
177,Vinh ,https://qr.pressify.ú/2484268,2484268,Design viền mỏng ,tăng white base,T shirt,L,Black,,,,bị mờ nét,,completed ,,01/19/2026
178,Vinh ,https://qr.pressify.ú/2484280,2484280,ép lỗi,,T shirt,L,Black,,,Greyli,ép kẹp vải,,completed ,,01/19/2026
179,Vinh ,https://qr.pressify.ú/2486168,2486168,mẫu in lỗi,IN HQ,,,,,,,Sọc,,completed ,,01/19/2026
180,Vinh ,https://qr.pressify.ú/2484652,2484652,Design viền mỏng ,tăng white base lên,Hoodie,L,Navy,,,,bị mờ nét,,completed ,,01/19/2026
181,Vinh ,https://qr.pressify.ú/2484649,2484649,Design viền mỏng ,tăng white base lên,Hoodie,2XL,Forest Green,,,,bị mờ nét,,completed ,,01/19/2026
182,Vinh ,https://qr.pressify.ú/2484655,2484655,Design viền mỏng ,tăng white base lên,Hoodie,3XL,Navy,,,,bị mờ nét,,completed ,,01/19/2026
183,Vinh ,https://qr.pressify.ú/2484654,2484654,Design viền mỏng ,tăng white base lên,Hoodie,L,Black,,,,bị mờ nét,,completed ,,01/19/2026
184,Vinh ,https://qr.pressify.ú/2484639,2484639,Áo lủng,,Hoodie,L,Sand,,,,áo lủng,,completed ,,01/19/2026
185,Vinh ,https://qr.pressify.ú/2485600,2485600,ép sai,In lại áo SWEAT NAVY L RETURN SUPPORT,Sweatshirt,L,Black,,,Cesar,Ép mẫu áo NAVY qua Áo BLACK,,completed ,,01/19/2026
186,Phoebe,,2484296,Design Lỗi,"fix opacity, RETURN SUPPORT Phoebe",,,,,,,,,completed ,,01/19/2026
187,Hoa,https://qr.pressify.ú/2484352,2484352,pick sai áo,In lại ITEM 1 RETURN SUPPORT Check lấy áo Gildan,Hoodie,XL,Black,,,,,,completed ,,01/19/2026
188,Hoa,https://qr.pressify.ú/2483992,2483992,Áo lủng,,Hoodie,XL,Forest Green,,,,,,completed ,,01/19/2026
189,Hoa,https://qr.pressify.ú/2485387,2485387,"Film Lỗi ( tróc, rách)",,Hoodie,S,Black,,,,lỗi Front,,completed ,,01/19/2026
190,Hoa,https://qr.pressify.ú/2484710,2484710,"Film Lỗi ( tróc, rách)",,Sweatshirt,XL,Black,,,,,,completed ,,01/19/2026
191,Hoa,https://qr.pressify.ú/2485009,2485009,"Film Lỗi ( tróc, rách)",Fix nét FRONT dày lên tăng white base lên,T shirt,XL,Black,,,,,,completed ,,01/19/2026
192,Hoa,https://qr.pressify.ú/2484989,2484989,Design viền mỏng ,Fix nét FRONT dày lên tăng white base lên,T shirt,M,Black,,,,,,completed ,,01/19/2026
193,Hoa,https://qr.pressify.ú/2484988,2484988,Design viền mỏng ,Fix nét hàng chữ dưới BACK dày lên,Sweatshirt,L,Forest Green,,,,,,completed ,,01/19/2026
194,Hoa,https://qr.pressify.ú/2485806,2485806,mẫu in lỗi,,,,,,,,bột,,completed ,,01/19/2026
195,Vinh ,https://qr.pressify.ú/2485138,2485138,Áo lủng,,T shirt,XL,Sand,,,,,,completed ,,01/19/2026
196,Vinh ,https://qr.pressify.ú/2485113,2485113,ép lỗi,"ép xéo, in lại item 3 T-shirt white XL, return support",T shirt,XL,White,,,Greyli,ép xéo,,processing ,,01/19/2026
197,Vinh ,https://qr.pressify.ú/2485315,2485315,In lệch màu,in đậm màu,Hoodie,2XL,Black,,,,bị khác màu,,,,01/19/2026
198,Vinh ,https://qr.pressify.ú/2485571,2485571,ép sai,ép đúng vị trí,Hoodie,L,Military Green,,,Anneris,ép bị cao,,,,01/19/2026
199,Vinh ,https://qr.pressify.ú/2486094,2486094,Design viền mỏng ,"in đậm màu, tăng white base lên",T shirt,2XL,Ash,,,,chữ bị mờ,,,,01/19/2026
200,Vinh ,https://qr.pressify.ú/2485141,2485141,mẫu to/nhỏ ,thu nhỏ 1 inch,,,,,,,,,,,01/19/2026
201,Vinh ,https://qr.pressify.ú/2485317,2485317,mẫu to/nhỏ ,thu nhỏ 1 inch,,,,,,,,,,,01/19/2026
202,Vinh ,https://qr.pressify.ú/2485439,2485439,ép lỗi,,Hoodie,L,Military Green,,,Gustavo,ép kẹp vải,,,,01/19/2026
203,Vinh ,https://qr.pressify.ú/2485429,2485429,Design viền mỏng ,tăng white base lên,Hoodie,L,Black,,,,bị mờ nét,,,,01/19/2026
204,Vinh ,https://qr.pressify.ú/2485426,2485426,Design viền mỏng ,tăng white base lên,Hoodie,S,Black,,,,bị mờ nét,,,,01/19/2026
205,Vinh ,https://qr.pressify.ú/2485828,2485828,mẫu in lỗi,mẫu trầy,Hoodie,3XL,Black,,,,"mẫu bị trầy, tróc",,,,01/19/2026
206,Vinh ,https://qr.pressify.ú/2484057,2484057,Áo rách,,Hoodie,XL,Black,,,,,,,,01/19/2026
207,Vinh ,https://qr.pressify.ú/2485537,2485537,Áo rách,,Hoodie,XL,Black,,,,,,,,01/19/2026
208,Vinh ,https://qr.pressify.ú/2485989,2485989,Áo lủng,,Hoodie,L,Black,,,,,,,,01/19/2026
209,Vinh ,https://qr.pressify.ú/2486074,2486074,Design viền mỏng ,tăng white base lên fix nét back dày lên tí,Hoodie,L,Black,,,,,,,,01/19/2026
210,Vinh ,https://qr.pressify.ú/2485937,2485937,pick sai áo,,T shirt,2XL,Black,,,Antonio,size XL pick 2XL ép ko đọc code,Thanh Nguyen pick,,,01/19/2026
211,Vinh ,,2482881,MẤT HÀNG,,,,,,,,,,,,01/19/2026
212,Vinh ,,2483658,MẤT HÀNG,,,,,,,,,,,,01/19/2026
213,Vinh ,,,"END,SKIP",,,,,,,,,,,,01/19/2026
214,Vinh ,,,"END,SKIP",,,,,,,,,,,,01/19/2026
215,Vinh ,,,"END,SKIP",,,,,,,,,,,,01/19/2026
216,Vinh ,,,"END,SKIP",,,,,,,,,,,,01/19/2026
217,Vinh ,,,"END,SKIP",,,,,,,,,,,,01/19/2026
218,Vinh ,,,"END,SKIP",,,,,,,,,,,,01/19/2026
219,Vinh ,,,"END,SKIP",,,,,,,,,,,,01/19/2026
220,Vinh ,,,"END,SKIP",,,,,,,,,,,,01/19/2026
221,Vinh ,,,"END,SKIP",,,,,,,,,,,,01/19/2026
222,Vinh ,,,"END,SKIP",,,,,,,,,,,,01/19/2026
223,Vinh ,,,"END,SKIP",,,,,,,,,,,,01/19/2026
224,Vinh ,,,"END,SKIP",,,,,,,,,,,,01/19/2026
225,Vinh ,,,"END,SKIP",,,,,,,,,,,,01/19/2026
01/20/2026,Support Name,LINK_ID,ORDER ID,LÍ DO REPRINT,NOTE (TEAM GANGSHEET NOTE LÊN ĐỂ IN),LOẠI ÁO,SIZE,COLOR,HÃNG ÁO,MACHINE #,AI LÀM SAI,LÝ DO LỖI,NOTE,STATUS (GANGSHEET),,01/20/2026
1,Vinh ,,2484700,"Wrong size, đã fixed",update ticket #23307,,,,,,,,,completed ,,01/20/2026
2,Vinh ,,2485616,Mockup Lỗi,update ticket #23317,,,,,,,,,completed ,,01/20/2026
3,Vinh ,,2485729,design trùng màu áo,update ticket #23344,,,,,,,,,completed ,,01/20/2026
4,Vinh ,,2475360,resend - áo lỗi/ép lỗi,RETURN SUPPORT NEW LABEL,,,,,,,,,completed ,,01/20/2026
5,Vinh ,,2475132,resend - áo lỗi/ép lỗi,RETURN SUPPORT NEW LABEL,,,,,,,,,completed ,,01/20/2026
6,Vinh ,,2478062,Resend track ko run,dùng label cũ,,,,,,,,,completed ,,01/20/2026
7,Vinh ,,2483835,"Wrong size, đã fixed",,,,,,,,,,completed ,,01/20/2026
8,Vinh ,,2486200,"Wrong size, đã fixed",,,,,,,,,,completed ,,01/20/2026
9,Vinh ,,2486201,"Wrong size, đã fixed",,,,,,,,,,completed ,,01/20/2026
10,Vinh ,,2486202,"Wrong size, đã fixed",,,,,,,,,,completed ,,01/20/2026
11,Vinh ,,2486203,"Wrong size, đã fixed",,,,,,,,,,completed ,,01/20/2026
12,Vinh ,,2486204,"Wrong size, đã fixed",,,,,,,,,,completed ,,01/20/2026
13,Vinh ,,2486205,"Wrong size, đã fixed",,,,,,,,,,completed ,,01/20/2026
14,Vinh ,,2486206,"Wrong size, đã fixed",,,,,,,,,,completed ,,01/20/2026
15,Vinh ,,2486550,"Wrong size, đã fixed",,,,,,,,,,completed ,,01/20/2026
16,Vinh ,https://qr.pressify.ú/2486897,2486897,"Film Lỗi ( tróc, rách)",in lại BACK ONLY RETURN SUPPORT,,,,,,,,,completed ,,01/20/2026
17,Vinh ,https://qr.pressify.ú/2486858,2486858,ép lỗi,in lại item 2 RETURN SUPPORT,T shirt,XL,Black,,,Nhàn,ép kẹp vải,,completed ,,01/20/2026
18,Vinh ,https://qr.pressify.ú/2485009,2485009,"Film Lỗi ( tróc, rách)",tăng white base lên,,,,,,,,,completed ,,01/20/2026
19,Vinh ,https://qr.pressify.ú/2484113,2484113,Áo lủng,"in lại item 1 màu đậm như mockup,RETURN SUPPORT",Sweatshirt,M,Light Pink,,,,áo lủng back,,completed ,,01/20/2026
20,Vinh ,https://qr.pressify.ú/2486891,2486891,Design viền mỏng ,fix nét back front dày lên tí tăng white base lên,,,,,,,,,completed ,,01/20/2026
21,Vinh ,https://qr.pressify.ú/2485659,2485659,lỗi opacity,clean design back+ front giúp,,,,,,,,,completed ,,01/20/2026
22,Vinh ,https://qr.pressify.ú/2486464,2486464,Design viền mỏng ,"in lại 2 sleeve ONLY tăng white base lên,RETURN SUPPORT",,,,,,,,,completed ,,01/20/2026
23,Vinh ,https://qr.pressify.ú/2486271,2486271,Áo lủng,,Sweatshirt,L,Navy,,,,,,completed ,,01/20/2026
24,Vinh ,https://qr.pressify.ú/2484352,2484352,ép sai,"in lại 1 áo Hoodie Navy XL, RETURN SUPPORT",,,,,,,,,completed ,,01/20/2026
25,Vinh ,https://qr.pressify.ú/2484654,2484654,Design viền mỏng ,tăng white base lên,Hoodie,L,Black,,,,,,completed ,,01/20/2026
26,Vinh ,https://qr.pressify.ú/2486465,2486465,Áo dơ,,T shirt,2XL,White,,,,áo dơ tẩy ko ra,,completed ,,01/20/2026
27,Vinh ,https://qr.pressify.ú/2486230,2486230,Áo lủng,,Sweatshirt,XL,Military Green,,,,áo lủng back,,completed ,,01/20/2026
28,Vinh ,https://qr.pressify.ú/2486388,2486388,ép sai,,Hoodie,M,Black,,,Nhàn,ép sai tay,,completed ,,01/20/2026
29,Vinh ,https://qr.pressify.ú/2486467,2486467,Design viền mỏng ,tăng white base lên fix nét back dày lên tí,Sweatshirt,M,Black,,,,,,completed ,,01/20/2026
30,Vinh ,,2484368,MẤT HÀNG,,,,,,,,,,completed ,,01/20/2026
31,Vinh ,https://qr.pressify.ú/2487701,2487701,mẫu in lỗi,IN HQ,,,,,,,sọc,,completed ,,01/20/2026
32,Vinh ,https://qr.pressify.ú/2487146,2487146,mẫu in lỗi,IN HQ,,,,,,,sọc,,completed ,,01/20/2026
33,Vinh ,https://qr.pressify.ú/2487700,2487700,mẫu in lỗi,IN HQ,,,,,,,sọc,,completed ,,01/20/2026
34,Vinh ,https://qr.pressify.ú/2486991,2486991,mẫu in lỗi,IN HQ,,,,,,,sọc,,completed ,,01/20/2026
35,Vinh ,https://qr.pressify.ú/2487082,2487082,mẫu in lỗi,IN HQ,,,,,,,sọc,,completed ,,01/20/2026
36,Vinh ,https://qr.pressify.ú/2487363,2487363,mẫu in lỗi,IN HQ,,,,,,,sọc,,completed ,,01/20/2026
37,Vinh ,https://qr.pressify.ú/2486413,2486413,mẫu in lỗi,IN HQ,,,,,,,sọc,,completed ,,01/20/2026
38,Vinh ,https://qr.pressify.ú/2486734,2486734,mẫu in lỗi,IN HQ,,,,,,,sọc,,completed ,,01/20/2026
39,Vinh ,https://qr.pressify.ú/2486211,2486211,mẫu in lỗi,IN HQ,,,,,,,sọc,,completed ,,01/20/2026
40,Vinh ,https://qr.pressify.ú/2486997,2486997,mẫu in lỗi,IN HQ,,,,,,,sọc,,completed ,,01/20/2026
41,Vinh ,https://qr.pressify.ú/2486649,2486649,mẫu in lỗi,IN HQ,,,,,,,sọc,,completed ,,01/20/2026
42,Vinh ,https://qr.pressify.ú/2486634,2486634,mẫu in lỗi,IN HQ,,,,,,,sọc,,completed ,,01/20/2026
43,Vinh ,https://qr.pressify.ú/2486875,2486875,mẫu in lỗi,IN HQ,,,,,,,sọc,,completed ,,01/20/2026
44,Vinh ,https://qr.pressify.ú/2486832,2486832,mẫu in lỗi,IN HQ,,,,,,,sọc,,completed ,,01/20/2026
45,Vinh ,https://qr.pressify.ú/2486369,2486369,mẫu in lỗi,IN HQ,,,,,,,sọc,,completed ,,01/20/2026
46,Vinh ,https://qr.pressify.ú/2487579,2487579,"Film Lỗi ( tróc, rách)",,,,,,,,,,completed ,,01/20/2026
47,Vinh ,https://qr.pressify.ú/2486243,2486243,Áo lủng,in lại 1 áo RETURN SUPPORT,,,,,,,,,completed ,,01/20/2026
48,Vinh ,https://qr.pressify.ú/2487125,2487125,Áo lủng,,T shirt,L,Black,,,,,,completed ,,01/20/2026
49,Vinh ,https://qr.pressify.ú/2487177,2487177,Áo lỗi vải,,T shirt,M,Maroon,,,,,,completed ,,01/20/2026
50,Vinh ,https://qr.pressify.ú/2487124,2487124,mẫu in lỗi,IN HQ,T shirt,L,Black,,,,sọc,,completed ,,01/20/2026
51,Vinh ,https://qr.pressify.ú/2486084,2486084,ép lỗi,,T shirt,L,Washed Black,,,Greyli,ép kẹp vải,,completed ,,01/20/2026
52,Vinh ,https://qr.pressify.ú/2486445,2486445,Design viền mỏng ,tăng white base lên,T shirt,XL,Black,,,,,,completed ,,01/20/2026
53,Vinh ,https://qr.pressify.ú/2486082,2486082,pick sai áo,,T shirt,4XL,Black,,,Greyli,"màu sand pick black, ép ko đọc code",Dunia pick,completed ,,01/20/2026
54,Vinh ,https://qr.pressify.ú/2486449,2486449,mẫu in lỗi,IN HQ,T shirt,2XL,Black,,,,sọc,,completed ,,01/20/2026
55,Vinh ,https://qr.pressify.ú/2486409,2486409,Design viền mỏng ,tăng white base lên fix nét back dày lên tí,,,,,,,,,completed ,,01/20/2026
56,Vinh ,https://qr.pressify.ú/2486202,2486202,OVERSIZE,thu nhỏ back lại 3 inch,,,,,,,,,completed ,,01/20/2026
57,Vinh ,https://qr.pressify.ú/2486201,2486201,OVERSIZE,thu nhỏ back lại 2 inch,,,,,,,,,completed ,,01/20/2026
58,Vinh ,https://qr.pressify.ú/2486200,2486200,OVERSIZE,thu nhỏ back lại 2 inch,,,,,,,,,completed ,,01/20/2026
59,Vinh ,,2485093,MẤT HÀNG,,,,,,,,,,completed ,,01/20/2026
60,Vinh ,https://qr.pressify.ú/2486684,2486684,Design viền mỏng ,"in lại 1 áo Hoodie military M, fix front dày lên tí tăng white base lên RETURN SUPPORT",,,,,,,,,completed ,,01/20/2026
61,Vinh ,https://qr.pressify.ú/2486756,2486756,Design viền mỏng ,tăng white base lên ,Hoodie,M,Military Green,,,,,,completed ,,01/20/2026
62,Vinh ,https://qr.pressify.ú/2487244,2487244,Áo rách,,Hoodie,M,Black,,,,,,completed ,,01/20/2026
63,Vinh ,https://qr.pressify.ú/2487313,2487313,Áo lỗi vải,,T shirt,XL,Black,,,,,,completed ,,01/20/2026
64,Vinh ,https://qr.pressify.ú/2487166,2487166,Áo dơ,,Hoodie,M,Ash,,,,,,completed ,,01/20/2026
65,Vinh ,https://qr.pressify.ú/2486375,2486375,"Film Lỗi ( tróc, rách)",,Hoodie,XL,Black,,,,,,completed ,,01/20/2026
66,Vinh ,https://qr.pressify.ú/2487492,2487492,Áo lỗi vải,,Hoodie,L,Black,,,,,,completed ,,01/20/2026
67,Vinh ,https://qr.pressify.ú/2487402,2487402,Áo rách,,Hoodie,L,Black,,,,,,completed ,,01/20/2026
68,Vinh ,https://qr.pressify.ú/2486388,2486388,Áo rách,,Hoodie,M,Black,,,,,,completed ,,01/20/2026
69,Vinh ,https://qr.pressify.ú/2486875,2486875,ép lỗi,in lại item 2 RETURN SUPPORT,,,,,,,,,completed ,,01/20/2026
70,Vinh ,,2486194,Áo lủng,,T shirt,2XL,Black,,,,,,completed ,,01/20/2026
71,Vinh ,,,"END,SKIP",,,,,,,,,,,,01/20/2026
72,Vinh ,,,"END,SKIP",,,,,,,,,,,,01/20/2026
73,Vinh ,,,"END,SKIP",,,,,,,,,,,,01/20/2026
74,Vinh ,,,"END,SKIP",,,,,,,,,,,,01/20/2026
75,Vinh ,,,"END,SKIP",,,,,,,,,,,,01/20/2026
01/21/2026,Support Name,LINK_ID,ORDER ID,LÍ DO REPRINT,NOTE (TEAM GANGSHEET NOTE LÊN ĐỂ IN),LOẠI ÁO,SIZE,COLOR,HÃNG ÁO,MACHINE #,AI LÀM SAI,LÝ DO LỖI,NOTE,STATUS (GANGSHEET),,
1,Vinh ,,2487295,Design Lỗi,update ticket #23366,,,,,,,,,completed ,,01/21/2026
2,Vinh ,,2487662,"Wrong size, đã fixed",,,,,,,,,,completed ,,01/21/2026
3,Vinh ,,2487663,"Wrong size, đã fixed",,,,,,,,,,completed ,,01/21/2026
4,Vinh ,,2487664,"Wrong size, đã fixed",,,,,,,,,,completed ,,01/21/2026
5,Vinh ,,2487665,"Wrong size, đã fixed",,,,,,,,,,completed ,,01/21/2026
6,Vinh ,,2487666,"Wrong size, đã fixed",,,,,,,,,,completed ,,01/21/2026
7,Vinh ,,2487667,"Wrong size, đã fixed",,,,,,,,,,completed ,,01/21/2026
8,Vinh ,,2487856,"Wrong size, đã fixed",,,,,,,,,,completed ,,01/21/2026
9,Vinh ,,2489172,"Wrong size, đã fixed",,,,,,,,,,completed ,,01/21/2026
10,Vinh ,,2489173,"Wrong size, đã fixed",,,,,,,,,,completed ,,01/21/2026
11,Vinh ,,2487711,mẫu in lỗi,,,,,,,,,,completed ,,01/21/2026
12,Vinh ,https://qr.pressify.ú/2486194,2486194,Design viền mỏng ,tăng white base lên ,,,,,,,,,completed ,,01/21/2026
13,Vinh ,https://qr.pressify.ú/2486201,2486201,mẫu to/nhỏ ,thu nhỏ back lại 3 inch,,,,,,,,,completed ,,01/21/2026
14,Vinh ,https://qr.pressify.ú/2487985,2487985,Design viền mỏng ,"fix nét tay dày lên tí, tăng white base lên",,,,,,,,,completed ,,01/21/2026
15,Vinh ,https://qr.pressify.ú/2486890,2486890,Áo lỗi vải,,T shirt,L,Black,,,,,,completed ,,01/21/2026
16,Vinh ,https://qr.pressify.ú/2488042,2488042,Design viền mỏng ,fix nét front dày lên tí tăng white base lên ,,,,,,,,,completed ,,01/21/2026
17,Vinh ,https://qr.pressify.ú/2488271,2488271,"Film Lỗi ( tróc, rách)",,,,,,,,,,completed ,,01/21/2026
18,Vinh ,https://qr.pressify.ú/2487745,2487745,Design viền mỏng ,tăng white  base lên,,,,,,,,,completed ,,01/21/2026
19,Vinh ,https://qr.pressify.ú/2488766,2488766,OVERSIZE,,Sweatshirt,XL,Black,,,,mẫu trầy,,completed ,,01/21/2026
20,Vinh ,https://qr.pressify.ú/2487760,2487760,Áo rách,,Hoodie,L,Black,,,,,,completed ,,01/21/2026
21,Vinh ,https://qr.pressify.ú/2487921,2487921,ép lỗi,,Sweatshirt,M,Black,,,An,,,completed ,,01/21/2026
22,Vinh ,https://qr.pressify.ú/2488098,2488098,ép lỗi,,T shirt,M,Sand,,,Tài,ép kẹp vải,,completed ,,01/21/2026
23,Vinh ,https://qr.pressify.ú/2488592,2488592,Áo lủng,in lại 1 áo Sweat RedXL RETURN SUPPORT,,,,,,,,,completed ,,01/21/2026
24,Vinh ,https://qr.pressify.ú/2487906,2487906,Design viền mỏng ,"fix nét tay dày lên tí, tăng white base lên",,,,,,,,,completed ,,01/21/2026
25,Vinh ,https://qr.pressify.ú/2488633,2488633,Áo lỗi vải,,T shirt,L,Black,,,,,,completed ,,01/21/2026
26,Vinh ,https://qr.pressify.ú/2488500,2488500,Design viền mỏng ,tăng white  base lên,T shirt,S,Black,,,,,,completed ,,01/21/2026
27,Vinh ,https://qr.pressify.ú/2488457,2488457,"Film Lỗi ( tróc, rách)",,T shirt,2XL,Black,,,,,,completed ,,01/21/2026
28,Vinh ,https://qr.pressify.ú/2487883,2487883,Áo lỗi vải,,Hoodie,2XL,Black,,,,,,completed ,,01/21/2026
29,Vinh ,https://qr.pressify.ú/2487766,2487766,mẫu in lỗi,IN HQ,,,,,,,sọc,,completed ,,01/21/2026
30,Vinh ,https://qr.pressify.ú/2487798,2487798,mẫu in lỗi,IN HQ,,,,,,,sọc,,completed ,,01/21/2026
31,Vinh ,https://qr.pressify.ú/2487795,2487795,mẫu in lỗi,IN HQ,,,,,,,sọc,,completed ,,01/21/2026
32,Vinh ,https://qr.pressify.ú/2488146,2488146,mẫu in lỗi,IN HQ,,,,,,,sọc,,completed ,,01/21/2026
33,Vinh ,https://qr.pressify.ú/2488107,2488107,mẫu in lỗi,IN HQ,,,,,,,sọc,,completed ,,01/21/2026
34,Vinh ,https://qr.pressify.ú/2488109,2488109,mẫu in lỗi,IN HQ,,,,,,,sọc,,completed ,,01/21/2026
35,Vinh ,https://qr.pressify.ú/2488166,2488166,mẫu in lỗi,IN HQ,,,,,,,sọc,,completed ,,01/21/2026
36,Vinh ,https://qr.pressify.ú/2488140,2488140,mẫu in lỗi,IN HQ,,,,,,,sọc,,completed ,,01/21/2026
37,Vinh ,https://qr.pressify.ú/2488143,2488143,mẫu in lỗi,IN HQ,,,,,,,sọc,,completed ,,01/21/2026
38,Vinh ,https://qr.pressify.ú/2487756,2487756,mẫu in lỗi,IN HQ,,,,,,,sọc,,completed ,,01/21/2026
39,Vinh ,https://qr.pressify.ú/2488244,2488244,mẫu in lỗi,IN HQ,,,,,,,sọc,,completed ,,01/21/2026
40,Vinh ,https://qr.pressify.ú/2489123,2489123,mẫu in lỗi,IN HQ,,,,,,,sọc,,completed ,,01/21/2026
41,Vinh ,https://qr.pressify.ú/2488156,2488156,mẫu in lỗi,IN HQ,,,,,,,sọc,,completed ,,01/21/2026
42,Vinh ,https://qr.pressify.ú/2488871,2488871,mẫu in lỗi,IN HQ,,,,,,,sọc,,completed ,,01/21/2026
43,Vinh ,https://qr.pressify.ú/2487882,2487882,mẫu in lỗi,IN HQ,,,,,,,sọc,,completed ,,01/21/2026
44,Vinh ,https://qr.pressify.ú/2488485,2488485,mẫu in lỗi,IN HQ,,,,,,,sọc,,completed ,,01/21/2026
45,Vinh ,https://qr.pressify.ú/2488486,2488486,mẫu in lỗi,IN HQ,,,,,,,sọc,,completed ,,01/21/2026
46,Vinh ,https://qr.pressify.ú/2488482,2488482,mẫu in lỗi,IN HQ,,,,,,,sọc,,completed ,,01/21/2026
47,Vinh ,https://qr.pressify.ú/2488489,2488489,mẫu in lỗi,IN HQ,,,,,,,sọc,,completed ,,01/21/2026
48,Vinh ,https://qr.pressify.ú/2488488,2488488,mẫu in lỗi,IN HQ,,,,,,,sọc,,completed ,,01/21/2026
49,Vinh ,https://qr.pressify.ú/2488487,2488487,mẫu in lỗi,IN HQ,,,,,,,sọc,,completed ,,01/21/2026
50,Vinh ,https://qr.pressify.ú/2488795,2488795,mẫu in lỗi,IN HQ,,,,,,,sọc,,completed ,,01/21/2026
51,Vinh ,https://qr.pressify.ú/2488758,2488758,"Film Lỗi ( tróc, rách)",,,,,,,,,,completed ,,01/21/2026
52,Vinh ,https://qr.pressify.ú/2488473,2488473,pick sai áo,,Hoodie,XL,Navy,,,Tài,"size L pick XL, ép ko đọc code",,completed ,,01/21/2026
53,Vinh ,https://qr.pressify.ú/2488472,2488472,pick sai áo,,Hoodie,L,Navy,,,Tài,"size XL pick L, ép ko đọc code",,completed ,,01/21/2026
54,Vinh ,https://qr.pressify.ú/2489120,2489120,ép sai,,Sweatshirt,XL,Black,,,Nhàn,ép sai mặt,,completed ,,01/21/2026
55,Vinh ,https://qr.pressify.ú/2487969,2487969,pick sai áo,"in lại 1 áo Sweat Red XL, RETURN SUPPORT",Sweatshirt,2XL,Red,,,Cesar,"size XL pick 2XL, ép ko đọc code",Lien Tran pick,completed ,,01/21/2026
56,Vinh ,https://qr.pressify.ú/2487968,2487968,Design viền mỏng ,in lại item 2 tăng white base lên RETURN SUPPORT,Sweatshirt,M,Navy,,,,,,completed ,,01/21/2026
57,Vinh ,https://qr.pressify.ú/2488800,2488800,Áo lỗi vải,,Sweatshirt,2XL,Navy,,,,,,completed ,,01/21/2026
58,Vinh ,https://qr.pressify.ú/2488111,2488111,ép lỗi,,T shirt,L,Light Pink,,,Tài,ép kẹp vải,,completed ,,01/21/2026
59,Vinh ,https://qr.pressify.ú/2488634,2488634,Áo dơ,in lại 1 áo Item 1 RETURN SUPPORT,T shirt,XL,Sand,,,,áo dơ tẩy ko ra,,completed ,,01/21/2026
60,Vinh ,https://qr.pressify.ú/2487983,2487983,Áo lủng,,Hoodie,XL,Light Pink,,,,,,completed ,,01/21/2026
61,Vinh ,https://qr.pressify.ú/2489172,2489172,OVERSIZE,thu nhỏ back lại 3 inch,,,,,,,,,completed ,,01/21/2026
62,Vinh ,https://qr.pressify.ú/2488351,2488351,pick sai áo,,T shirt,2XL,Military Green,,,Nhàn,màu black pick military ép ko đọc code,Lien Tran pick,completed ,,01/21/2026
63,Vinh ,https://qr.pressify.ú/2488365,2488365,"Film Lỗi ( tróc, rách)",,T shirt,M,Black,,,,,,completed ,,01/21/2026
64,Vinh ,https://qr.pressify.ú/2488674,2488674,Design viền mỏng ,"fix nét tay dày lên tí, tăng white base lên",Hoodie,L,Black,,,,,,completed ,,01/21/2026
65,Vinh ,https://qr.pressify.ú/2487888,2487888,Áo lủng,,T shirt,M,Black,,,,,,completed ,,01/21/2026
66,Vinh ,https://qr.pressify.ú/2488121,2488121,Design viền mỏng ,fix nét back dày lên tí tăng white base lên,Sweatshirt,XL,Navy,,,,,,completed ,,01/21/2026
67,Vinh ,https://qr.pressify.ú/2488083,2488083,pick sai áo,,T shirt,L,Black,,,Cesar,,,completed ,,01/21/2026
68,Vinh ,https://qr.pressify.ú/2487664,2487664,OVERSIZE,"thu nhỏ lại 1,5 inch",,,,,,,,,completed ,,01/21/2026
69,Vinh ,https://qr.pressify.ú/2487666,2487666,OVERSIZE,"thu nhỏ lại 1,5 inch",,,,,,,,,completed ,,01/21/2026
70,Vinh ,https://qr.pressify.ú/2487662,2487662,OVERSIZE,thu nhỏ lại 2 inch,,,,,,,,,completed ,,01/21/2026
71,Vinh ,https://qr.pressify.ú/2487663,2487663,OVERSIZE,"thu nhỏ lại 1,5 inch",,,,,,,,,completed ,,01/21/2026
72,Vinh ,https://qr.pressify.ú/2488766,2488766,OVERSIZE,thu nhỏ lại 1 inch,,,,,,,,,completed ,,01/21/2026
73,Vinh ,https://qr.pressify.ú/2488058,2488058,Áo lủng,,Sweatshirt,XL,Black,,,,,,completed ,,01/21/2026
74,Vinh ,https://qr.pressify.ú/2488862,2488862,ép lỗi,,Sweatshirt,L,Forest Green,,,Greyli,,,completed ,,01/21/2026
75,Vinh ,,,"END,SKIP",,,,,,,,,,,,01/21/2026
01/22/2026,Support Name,LINK_ID,ORDER ID,LÍ DO REPRINT,NOTE (TEAM GANGSHEET NOTE LÊN ĐỂ IN),LOẠI ÁO,SIZE,COLOR,HÃNG ÁO,MACHINE #,AI LÀM SAI,LÝ DO LỖI,NOTE,STATUS (GANGSHEET),,
1,Vinh ,,2378919,Resend track ko run,dùng label cũ,,,,,,,,,completed ,,01/22/2026
2,Vinh ,,2488561,Đổi Design,update ticket #23395 in lại item 3 RETURN SUPPORT,,,,,,,,,completed ,,01/22/2026
3,Vinh ,,2456744,resend - ko nhận đc,RETURN SUPPORT NEW LABEL,,,,,,,,,completed ,,01/22/2026
4,Phoebe,,2477877,resend - gửi sai áo,NEW LABEL,,,,,,,,,completed ,,01/22/2026
5,Phoebe,,2482135,resend - áo lỗi/ép lỗi,NEW LABEL,,,,,,,,,completed ,,01/22/2026
6,Phoebe,,2489174,"Wrong size, đã fixed",,,,,,,,,,completed ,,01/22/2026
7,Vinh ,,2490520,"Wrong size, đã fixed",,,,,,,,,,completed ,,01/22/2026
8,Vinh ,,2490727,"Wrong size, đã fixed",,,,,,,,,,completed ,,01/22/2026
9,Vinh ,,2490728,"Wrong size, đã fixed",thu nhỏ back lại 3 inch,,,,,,,,,completed ,,01/22/2026
10,Vinh ,,2490730,"Wrong size, đã fixed",thu nhỏ back lại 3 inch,,,,,,,,,completed ,,01/22/2026
11,Vinh ,,2490731,"Wrong size, đã fixed",,,,,,,,,,completed ,,01/22/2026
12,Vinh ,https://qr.pressify.ú/2487666,2487666,OVERSIZE,thu nhỏ lại 2.5 inch,,,,,,,,,completed ,,01/22/2026
13,Vinh ,,2487665,"Wrong size, đã fixed",,,,,,,,,,completed ,,01/22/2026
14,Vinh ,https://qr.pressify.ú/2489462,2489462,Design viền mỏng ,Fix nét BACK dày lên,,,,,,,,,completed ,,01/22/2026
15,Vinh ,https://qr.pressify.ú/2489752,2489752,Design viền mỏng ,Fix nét tay dày lên,,,,,,,,,completed ,,01/22/2026
16,Vinh ,https://qr.pressify.ú/2489760,2489760,mẫu in lỗi,IN HQ,,,,,,,SỌC,,completed ,,01/22/2026
17,Vinh ,https://qr.pressify.ú/2489700,2489700,mẫu in lỗi,IN HQ,,,,,,,SỌC,,completed ,,01/22/2026
18,Vinh ,https://qr.pressify.ú/2489926,2489926,mẫu in lỗi,IN HQ,,,,,,,SỌC,,completed ,,01/22/2026
19,Vinh ,https://qr.pressify.ú/2489258,2489258,mẫu in lỗi,IN HQ,,,,,,,SỌC,,completed ,,01/22/2026
20,Vinh ,https://qr.pressify.ú/2490286,2490286,mẫu in lỗi,IN HQ,,,,,,,SỌC,,completed ,,01/22/2026
21,Vinh ,https://qr.pressify.ú/2490419,2490419,mẫu in lỗi,IN HQ,,,,,,,SỌC,,completed ,,01/22/2026
22,Vinh ,https://qr.pressify.ú/2490108,2490108,mẫu in lỗi,IN HQ,,,,,,,SỌC,,completed ,,01/22/2026
23,Vinh ,https://qr.pressify.ú/2490174,2490174,mẫu in lỗi,IN HQ,,,,,,,SỌC,,completed ,,01/22/2026
24,Vinh ,https://qr.pressify.ú/2490356,2490356,Áo lủng,"in lại 1 áo T-shirt pink S, RETURN SUPPORT",T shirt,S,Light Pink,,,,,,completed ,,01/22/2026
25,Vinh ,https://qr.pressify.ú/2489426,2489426,Áo lủng,"in lại item 2, RETURN SUPPORT",T shirt,2XL,Black,,,,,,completed ,,01/22/2026
26,Vinh ,https://qr.pressify.ú/2489477,2489477,Áo lỗi vải,,Hoodie,M,Black,,,,,,completed ,,01/22/2026
27,Vinh ,https://qr.pressify.ú/2489492,2489492,Áo lỗi vải,,Hoodie,L,Black,,,,,,completed ,,01/22/2026
28,Vinh ,https://qr.pressify.ú/2489493,2489493,Áo lỗi vải,,Hoodie,S,Black,,,,,,completed ,,01/22/2026
29,Vinh ,,2489628,Áo lủng,"in lại item 3, RETURN SUPPORT",Sweatshirt,L,Black,,,,,,completed ,,01/22/2026
30,Vinh ,https://qr.pressify.ú/2490063,2490063,Áo lỗi vải,,T shirt,L,Black,,,,,,completed ,,01/22/2026
31,Hoa,https://qr.pressify.ú/2490402,2490402,mẫu in lỗi,IN HQ,,,,,,,Sọc,,completed ,,01/22/2026
32,Hoa,https://qr.pressify.ú/2490424,2490424,mẫu in lỗi,IN HQ,,,,,,,Sọc,,completed ,,01/22/2026
33,Hoa,https://qr.pressify.ú/2490515,2490515,mẫu in lỗi,IN HQ,,,,,,,Sọc,,completed ,,01/22/2026
34,Hoa,https://qr.pressify.ú/2490205,2490205,mẫu in lỗi,IN HQ,,,,,,,Sọc,,completed ,,01/22/2026
35,Hoa,https://qr.pressify.ú/2490418,2490418,mẫu in lỗi,IN HQ,,,,,,,Sọc,,completed ,,01/22/2026
36,Hoa,https://qr.pressify.ú/2490636,2490636,mẫu in lỗi,IN HQ,,,,,,,Sọc,,completed ,,01/22/2026
37,Vinh ,https://qr.pressify.ú/2489362,2489362,"Film Lỗi ( tróc, rách)",,T shirt,L,Light Pink,,,,,,completed ,,01/22/2026
38,Vinh ,https://qr.pressify.ú/2489244,2489244,Áo rách,,T shirt,2XL,Black,,,,,,completed ,,01/22/2026
39,Vinh ,https://qr.pressify.ú/2490135,2490135,Design viền mỏng ,"in lại sleeve ONLY fix nét tay dày lên tí tăng white base lên, RETURN SUPPORT",,,,,,,,,completed ,,01/22/2026
40,Vinh ,https://qr.pressify.ú/2490732,2490732,Áo lủng,,Hoodie,XL,Black,,,,lủng back,,completed ,,01/22/2026
41,Vinh ,https://qr.pressify.ú/2490506,2490506,Design viền mỏng ,tăng white base lên,,,,,,,,,completed ,,01/22/2026
42,Vinh ,https://qr.pressify.ú/2489781,2489781,mẫu to/nhỏ ,thu nhỏ lại 1 inch,,,,,,,,,completed ,,01/22/2026
43,Vinh ,https://qr.pressify.ú/2489426,2489426,lí do reprint,"in lại 1 áo Bad Omens Butterfly, RETURN SUPPORT",,,,,,,,,completed ,,01/22/2026
44,Vinh ,https://qr.pressify.ú/2489462,2489462,pick sai áo,Fix nét BACK dày lên,Hoodie,XL,Forest Green,,,An,"size L pick XL, ép ko đọc code",Thanh Nguyen pick,completed ,,01/22/2026
45,Vinh ,https://qr.pressify.ú/2490552,2490552,Áo lủng,,Hoodie,M,Black,,,,,,completed ,,01/22/2026
46,Vinh ,https://qr.pressify.ú/2487666,2487666,Áo lỗi vải,thu nhỏ lại 2.5 inch,T shirt,L,Washed Black,,,,,,completed ,,01/22/2026
47,Vinh ,https://qr.pressify.ú/2490282,2490282,"Film Lỗi ( tróc, rách)",,Hoodie,M,Black,,,,,,completed ,,01/22/2026
48,Vinh ,https://qr.pressify.ú/2490707,2490707,Áo dơ,,Sweatshirt,XL,White,,,,,,completed ,,01/22/2026
49,Vinh ,https://qr.pressify.ú/2490574,2490574,"Film Lỗi ( tróc, rách)",,Hoodie,2XL,Black,,,,,,completed ,,01/22/2026
50,Vinh ,https://qr.pressify.ú/2489258,2489258,"Film Lỗi ( tróc, rách)",,T shirt,XL,Black,,,,,,completed ,,01/22/2026
51,Vinh ,https://qr.pressify.ú/2489770,2489770,Áo lủng,,T shirt,L,Sport Grey,,,,,,completed ,,01/22/2026
52,Vinh ,,2488349,MẤT HÀNG,,,,,,,,,,completed ,,01/22/2026
53,Vinh ,,,"END,SKIP",,,,,,,,,,,,01/22/2026
54,Vinh ,,,"END,SKIP",,,,,,,,,,,,01/22/2026
55,Vinh ,,,"END,SKIP",,,,,,,,,,,,01/22/2026
56,Vinh ,,,"END,SKIP",,,,,,,,,,,,01/22/2026
57,Vinh ,,,"END,SKIP",,,,,,,,,,,,01/22/2026
58,Vinh ,,,"END,SKIP",,,,,,,,,,,,01/22/2026
59,Vinh ,,,"END,SKIP",,,,,,,,,,,,01/22/2026
60,Vinh ,,,"END,SKIP",,,,,,,,,,,,01/22/2026
01/23/2026,Support Name,LINK_ID,ORDER ID,LÍ DO REPRINT,NOTE (TEAM GANGSHEET NOTE LÊN ĐỂ IN),LOẠI ÁO,SIZE,COLOR,HÃNG ÁO,MACHINE #,AI LÀM SAI,LÝ DO LỖI,NOTE,STATUS (GANGSHEET),,Finished date
1,Phoebe,,2477893,resend - gửi sai áo,NEW LABEL,,,,,,,,,completed ,,01/23/2026
2,Phoebe,,2477547,resend - gửi sai áo,"PICK ÁO GILDAN, RETURN SUPPORT. NEW LABEL",,,,,,,,,completed ,,01/23/2026
3,Phoebe,,2459903,resend - ko nhận đc,NEW LABEL,,,,,,,,,completed ,,01/23/2026
4,Hoa,https://qr.pressify.ú/2490855,2490855,ép lỗi,,T shirt,XL,Black,,,Daniela,Ép bị dinh vải ,,completed ,,01/23/2026
5,Hoa,https://qr.pressify.ú/2490917,2490917,mẫu in lỗi,"Fix lại Front đúng DS, mẫu in bi mất một góc",,,,,,,,,completed ,,01/23/2026
6,Hoa,https://qr.pressify.ú/2491554,2491554,Design viền mỏng ,Fix lại nét BACK dày lên một chút và In lại cả ORDER,Hoodie,M,Black,,,,"Mất nét Back Áo Black, áo còn lại lôi mẫu",,completed ,,01/23/2026
7,Hoa,https://qr.pressify.ú/2490993,2490993,Design viền mỏng ,Fix nét chữ dày lên chút xíu,,,,,,,,,completed ,,01/23/2026
8,Hoa,https://qr.pressify.ú/2491316,2491316,Design viền mỏng ,Fix nét chữ dày lên chút xíu,,,,,,,,,completed ,,01/23/2026
9,Hoa,https://qr.pressify.ú/2490920,2490920,pick sai áo,,Hoodie,XL,Light Pink,,,Chinh,"Pick L thành Xl, Ép không check",Lien Tran pick,completed ,,01/23/2026
10,Hoa,https://qr.pressify.ú/2491326,2491326,Design viền mỏng ,"Fix nét chữ dưới Front dày hơn, tăng white base lên",,,,,,,,,completed ,,01/23/2026
11,Hoa,https://qr.pressify.ú/2490919,2490919,Áo dơ,In lại ITEM 2 RETURN SUPPORT,Sweatshirt,L,White,,,,,,completed ,,01/23/2026
12,Hoa,https://qr.pressify.ú/2491313,2491313,Design viền mỏng ,Fix nét chữ FRONT dày lên,,,,,,,,,completed ,,01/23/2026
13,Phoebe,,2483632,resend - gửi sai áo,Chỉ reprint item 2. NEW LABEL,,,,,,,,,completed ,,01/23/2026
14,Phoebe,https://qr.pressify.ú/2491555,2491555,mẫu in lỗi,IN HQ,,,,,,,Sọc,,completed ,,01/23/2026
15,Phoebe,https://qr.pressify.ú/2491215,2491215,Design viền mỏng ,Fix nét tay dày lên ,Hoodie,M,Black,,,,,,completed ,,01/23/2026
16,Hoa,https://qr.pressify.ú/2490897,2490897,mẫu in lỗi,IN HQ,,,,,,,Sọc,,completed ,,01/23/2026
17,Hoa,https://qr.pressify.ú/2490903,2490903,mẫu in lỗi,IN HQ,,,,,,,Sọc,,completed ,,01/23/2026
18,Hoa,https://qr.pressify.ú/2490888,2490888,mẫu in lỗi,IN HQ,,,,,,,Sọc,,completed ,,01/23/2026
19,Hoa,https://qr.pressify.ú/2490904,2490904,mẫu in lỗi,IN HQ,,,,,,,Sọc,,completed ,,01/23/2026
20,Hoa,https://qr.pressify.ú/2491514,2491514,mẫu in lỗi,IN HQ,,,,,,,Sọc,,completed ,,01/23/2026
21,Hoa,https://qr.pressify.ú/2491270,2491270,mẫu in lỗi,IN HQ,,,,,,,Sọc,,completed ,,01/23/2026
22,Hoa,https://qr.pressify.ú/2491065,2491065,mẫu in lỗi,IN HQ,,,,,,,Sọc,,completed ,,01/23/2026
23,Hoa,https://qr.pressify.ú/2491303,2491303,mẫu in lỗi,IN HQ,,,,,,,Sọc,,completed ,,01/23/2026
24,Hoa,https://qr.pressify.ú/2491298,2491298,mẫu in lỗi,IN HQ,,,,,,,Sọc,,completed ,,01/23/2026
25,Hoa,https://qr.pressify.ú/2491805,2491805,mẫu in lỗi,IN HQ,,,,,,,Sọc,,completed ,,01/23/2026
26,Hoa,https://qr.pressify.ú/2491175,2491175,mẫu in lỗi,IN HQ,,,,,,,Sọc,,completed ,,01/23/2026
27,Hoa,https://qr.pressify.ú/2491730,2491730,mẫu in lỗi,IN HQ,,,,,,,Trầy ,,completed ,,01/23/2026
28,Hoa,https://qr.pressify.ú/2491686,2491686,mẫu in lỗi,IN HQ,,,,,,,Trầy ,,completed ,,01/23/2026
29,Hoa,https://qr.pressify.ú/2490820,2490820,mẫu in lỗi,IN HQ,,,,,,,Trầy ,,completed ,,01/23/2026
30,Hoa,https://qr.pressify.ú/2490822,2490822,mẫu in lỗi,IN HQ,,,,,,,Trầy ,,completed ,,01/23/2026
31,Hoa,https://qr.pressify.ú/2491500,2491500,Áo lỗi vải,,Sweatshirt,2XL,Dark Heather,,,,lủng lai áo,,completed ,,01/23/2026
32,Hoa,https://qr.pressify.ú/2491451,2491451,Áo lủng,,T shirt,XL,Black,,,,Lủng tay,,completed ,,01/23/2026
33,Phoebe,,2490688,"Wrong size, đã fixed",,,,,,,,,,completed ,,01/23/2026
34,Phoebe,,2491489,"Wrong size, đã fixed",,,,,,,,,,completed ,,01/23/2026
35,Phoebe,,2491723,"Wrong size, đã fixed",,,,,,,,,,completed ,,01/23/2026
36,Phoebe,,2492220,"Wrong size, đã fixed",,,,,,,,,,completed ,,01/23/2026
37,Phoebe,,2492221,"Wrong size, đã fixed",,,,,,,,,,completed ,,01/23/2026
38,Phoebe,,2492222,"Wrong size, đã fixed",,,,,,,,,,completed ,,01/23/2026
39,Phoebe,,2492223,"Wrong size, đã fixed",,,,,,,,,,completed ,,01/23/2026
40,Phoebe,,2492224,"Wrong size, đã fixed",,,,,,,,,,completed ,,01/23/2026
41,Hoa,https://qr.pressify.ú/2491740,2491740,ép sai,In lại ITEM 2 RETURN SUPPORT nhắc ép đúng Mockup Back,T shirt,L,Black,,,Daniela,ép không đúng Mockup,,completed ,,01/23/2026
42,Hoa,https://qr.pressify.ú/2491877,2491877,mẫu in lỗi,IN HQ,,,,,,,Sọc ,,completed ,,01/23/2026
43,Hoa,https://qr.pressify.ú/2491859,2491859,mẫu in lỗi,IN HQ,,,,,,,Sọc ,,completed ,,01/23/2026
44,Hoa,https://qr.pressify.ú/2491850,2491850,mẫu in lỗi,IN HQ,,,,,,,Sọc ,,completed ,,01/23/2026
45,Hoa,https://qr.pressify.ú/2491653,2491653,mẫu to/nhỏ ,Phóng to thành 12 inch cho giống Mockup,,,,,,,Mẫu in nhỏ không giống Mockup,,completed ,,01/23/2026
46,Hoa,https://qr.pressify.ú/2491445,2491445,ép lỗi,,T shirt,XL,Maroon,,,Natali,ép bị gấp hinh,,completed ,,01/23/2026
47,Hoa,https://qr.pressify.ú/2491695,2491695,Áo lủng,,Hoodie,L,Black,,,,lủng tay,,completed ,,01/23/2026
48,Hoa,https://qr.pressify.ú/2491671,2491671,Design viền mỏng ,"in lại Sleeve ONLY fix nét tay dày lên tí tăng white base lên, RETURN SUPPORT",,,,,,,mất nét tay,,completed ,,01/23/2026
49,Hoa,https://qr.pressify.ú/2491803,2491803,mẫu in lỗi,IN HQ,,,,,,,Sọc,,completed ,,01/23/2026
50,Hoa,https://qr.pressify.ú/2491523,2491523,mẫu to/nhỏ ,Phóng to Front với chiều ngang thành 10 inch cho giống mockup,,,,,,,Mẫu in giữa front mà nhỏ quá,,completed ,,01/23/2026
51,Hoa,https://qr.pressify.ú/2491753,2491753,Áo dơ,,T shirt,L,Black,,,,Dính quá nhiều dầu,,completed ,,01/23/2026
52,Hoa,https://qr.pressify.ú/2492091,2492091,Áo lủng,,T shirt,XL,Sand,,,,lủng gần nach,,completed ,,01/23/2026
53,Hoa,https://qr.pressify.ú/2491326,2491326,ép sai,"In lại và Fix nét chữ dưới Front dày hơn, tăng white base lên",T shirt,S,Black,,,Gustavo,Ép lệch Back,,completed ,,01/23/2026
54,Hoa,https://qr.pressify.ú/2492246,2492246,Design viền mỏng ,In lại và Fix nét Front ITEM 3 dày lên RETURN SUPPORT,,,,,,,,,completed ,,01/23/2026
55,Hoa,https://qr.pressify.ú/2492026,2492026,Áo lỗi vải,,Hoodie,L,Black,,,,Lỗi dây nón áo,,completed ,,01/23/2026
56,Hoa,https://qr.pressify.ú/2492072,2492072,pick sai áo,,Hoodie,XL,Light Pink,,,Yasmine,"Pick L thành XL, Ép không check",Thanh Nguyen pick,completed ,,01/23/2026
57,Hoa,https://qr.pressify.ú/2491651,2491651,Áo lỗi vải,,T shirt,L,Black,,,,lỗi nách áo không sửa được,,completed ,,01/23/2026
58,Hoa,https://qr.pressify.ú/2489045,2489045,Áo lỗi vải,,Hoodie,L,Black,,,,Lỗi may ,,completed ,,01/23/2026
59,Hoa,https://qr.pressify.ú/2492212,2492212,pick sai áo,,T shirt,XL,Black,,,Cesar,"Pick L thành XL, Ép không check",Thanh Nguyen pick,completed ,,01/23/2026
60,Hoa,https://qr.pressify.ú/2492220,2492220,mẫu to/nhỏ ,Thu nhỏ Back 3 inch,,,,,,,,,completed ,,01/23/2026
01/24/2026,Support Name,LINK_ID,ORDER ID,LÍ DO REPRINT,NOTE (TEAM GANGSHEET NOTE LÊN ĐỂ IN),LOẠI ÁO,SIZE,COLOR,HÃNG ÁO,MACHINE #,AI LÀM SAI,LÝ DO LỖI,NOTE,STATUS (GANGSHEET),,Finished date
1,Vinh ,,2491263,design trùng màu áo,UPDATE TICKET #23440 in lại item 2 RETURN SUPPORT,,,,,,,,,,,01/24/2026
2,Vinh ,,2456774,resend - ko nhận đc,RETURN SUPPORT NEW LABEL,,,,,,,,,,,01/24/2026
3,Vinh ,,2493611,"Wrong size, đã fixed",,,,,,,,,,,,01/24/2026
4,Vinh ,,2489757,MẤT HÀNG,,,,,,,,,,,,01/24/2026
5,Vinh ,,2490805,MẤT HÀNG,,,,,,,,,,,,01/24/2026
6,Vinh ,https://qr.pressify.ú/2491523,2491523,mẫu to/nhỏ ,PHÓNG TO FRONT LÊN CHO GIỐNG VỚI MOCKUP,,,,,,,,,,,01/24/2026
7,Vinh ,https://qr.pressify.ú/2492426,2492426,Design viền mỏng ,TĂNG WHITE BASE LÊN,,,,,,,,,,,01/24/2026
8,Vinh ,https://qr.pressify.ú/2492427,2492427,Design viền mỏng ,TĂNG WHITE BASE LÊN,,,,,,,,,,,01/24/2026
9,Vinh ,https://qr.pressify.ú/2492429,2492429,Design viền mỏng ,TĂNG WHITE BASE LÊN,,,,,,,,,,,01/24/2026
10,Vinh ,https://qr.pressify.ú/2492953,2492953,mẫu in lỗi,IN HQ,,,,,,,SỌC,,,,01/24/2026
11,Vinh ,https://qr.pressify.ú/2492961,2492961,mẫu in lỗi,IN HQ,,,,,,,SỌC,,,,01/24/2026
12,Vinh ,https://qr.pressify.ú/2492964,2492964,mẫu in lỗi,IN HQ,,,,,,,SỌC,,,,01/24/2026
13,Vinh ,https://qr.pressify.ú/2492498,2492498,mẫu in lỗi,IN HQ,,,,,,,SỌC,,,,01/24/2026
14,Vinh ,https://qr.pressify.ú/2492967,2492967,mẫu in lỗi,IN HQ,,,,,,,SỌC,,,,01/24/2026
15,Vinh ,https://qr.pressify.ú/2492446,2492446,mẫu in lỗi,IN HQ,,,,,,,SỌC,,,,01/24/2026
16,Vinh ,https://qr.pressify.ú/2492585,2492585,Design viền mỏng ,"FIX NÉT TAY DÀY LÊN TÍ, TĂNG WHITE BASE LÊN",,,,,,,,,completed ,,01/24/2026
17,Vinh ,https://qr.pressify.ú/2492605,2492605,Design viền mỏng ,"IN LẠI 1 ÁO HOODIE CHOCOLATE FIX NÉT FRONT DÀY LÊN TÍ, TĂNG WHITE BASE LÊN, RETURN SUPPORT",Hoodie,L,Dark Choco,,,,,,completed ,,01/24/2026
18,Vinh ,https://qr.pressify.ú/2492404,2492404,mẫu in lỗi,IN HQ,,,,,,,SỌC,,completed ,,01/24/2026
19,Vinh ,https://qr.pressify.ú/2493239,2493239,mẫu in lỗi,IN HQ,,,,,,,SỌC,,completed ,,01/24/2026
20,Vinh ,https://qr.pressify.ú/2492292,2492292,pick sai áo,"IN LẠI 1 ÁO  HOODIE BLACK M, RETURN SUPPORT",Hoodie,L,Black,,,Cesar,SIZE M PICK L ÉP KO ĐỌC CODE,Thanh Nguyen pick,completed ,,01/24/2026
21,Vinh ,https://qr.pressify.ú/2492852,2492852,"Film Lỗi ( tróc, rách)",,,,,,,,,,completed ,,01/24/2026
22,Vinh ,https://qr.pressify.ú/2491263,2491263,design trùng màu áo,in lại item 2 RETURN SUPPORT,,,,,,,,,completed ,,01/24/2026
23,Vinh ,https://qr.pressify.ú/2493311,2493311,ép lỗi,,Sweatshirt,S,White,,,An,,,completed ,,01/24/2026
24,Vinh ,https://qr.pressify.ú/2492449,2492449,"Film Lỗi ( tróc, rách)",,,,,,,,,,completed ,,01/24/2026
25,Vinh ,https://qr.pressify.ú/2493675,2493675,"Film Lỗi ( tróc, rách)",,T shirt,2XL,Black,,,,,,completed ,,01/24/2026
26,Vinh ,https://qr.pressify.us/2493652,2493652,Áo dơ,,T shirt,2XL,Black,,,,,,completed ,,01/24/2026
27,Vinh ,https://qr.pressify.ú/2493334,2493334,Áo lỗi vải,,T shirt,3XL,Black,,,,,,completed ,,01/24/2026
28,Vinh ,https://qr.pressify.ú/2491523,2491523,mẫu to/nhỏ ,phóng to front lên như mockup,,,,,,,,,completed ,,01/26/2026
29,Vinh ,https://qr.pressify.ú/2456774,2456774,"Film Lỗi ( tróc, rách)",,,,,,,,,,completed ,,01/26/2026
30,Vinh ,,,"END,SKIP",,,,,,,,,,,,01/26/2026
31,Vinh ,,,,,,,,,,,,,,,
32,Vinh ,,,,,,,,,,,,,,,
33,Vinh ,,,,,,,,,,,,,,,
34,Vinh ,,,,,,,,,,,,,,,
35,Vinh ,,,,,,,,,,,,,,,
36,Vinh ,,,,,,,,,,,,,,,
37,Vinh ,,,,,,,,,,,,,,,
38,Vinh ,,,,,,,,,,,,,,,
39,Vinh ,,,,,,,,,,,,,,,
40,Vinh ,,,,,,,,,,,,,,,
41,Vinh ,,,,,,,,,,,,,,,
42,Vinh ,,,,,,,,,,,,,,,
43,Vinh ,,,,,,,,,,,,,,,
44,Vinh ,,,,,,,,,,,,,,,
45,Vinh ,,,,,,,,,,,,,,,
46,Vinh ,,,,,,,,,,,,,,,
47,Vinh ,,,,,,,,,,,,,,,
48,Vinh ,,,,,,,,,,,,,,,
49,Vinh ,,,,,,,,,,,,,,,
50,Vinh ,,,,,,,,,,,,,,,
51,Vinh ,,,,,,,,,,,,,,,
52,Vinh ,,,,,,,,,,,,,,,
53,Vinh ,,,,,,,,,,,,,,,
54,Vinh ,,,,,,,,,,,,,,,
55,Vinh ,,,,,,,,,,,,,,,
56,Vinh ,,,,,,,,,,,,,,,
57,Vinh ,,,,,,,,,,,,,,,
58,Vinh ,,,,,,,,,,,,,,,
59,Vinh ,,,,,,,,,,,,,,,
60,Vinh ,,,,,,,,,,,,,,,
61,Vinh ,,,,,,,,,,,,,,,
62,Vinh ,,,,,,,,,,,,,,,
63,Vinh ,,,,,,,,,,,,,,,
64,Vinh ,,,,,,,,,,,,,,,
65,Vinh ,,,,,,,,,,,,,,,
66,Vinh ,,,,,,,,,,,,,,,
67,Vinh ,,,,,,,,,,,,,,,
68,Vinh ,,,,,,,,,,,,,,,
69,Vinh ,,,,,,,,,,,,,,,
70,Vinh ,,,,,,,,,,,,,,,
71,Vinh ,,,,,,,,,,,,,,,
72,Vinh ,,,,,,,,,,,,,,,
73,Vinh ,,,,,,,,,,,,,,,
74,Vinh ,,,,,,,,,,,,,,,
75,Vinh ,,,,,,,,,,,,,,,
76,Vinh ,,,,,,,,,,,,,,,
77,Vinh ,,,,,,,,,,,,,,,
78,Vinh ,,,,,,,,,,,,,,,
79,Vinh ,,,,,,,,,,,,,,,
80,Vinh ,,,,,,,,,,,,,,,
81,Vinh ,,,,,,,,,,,,,,,
82,Vinh ,,,,,,,,,,,,,,,
83,Vinh ,,,,,,,,,,,,,,,
84,Vinh ,,,,,,,,,,,,,,,
85,Vinh ,,,,,,,,,,,,,,,
86,Vinh ,,,,,,,,,,,,,,,
87,Vinh ,,,,,,,,,,,,,,,
88,Vinh ,,,,,,,,,,,,,,,
89,Vinh ,,,,,,,,,,,,,,,
90,Vinh ,,,,,,,,,,,,,,,
151,Vinh ,,,,,,,,,,,,,,,
152,Vinh ,,,,,,,,,,,,,,,
153,Vinh ,,,,,,,,,,,,,,,
154,Vinh ,,,,,,,,,,,,,,,
155,Vinh ,,,,,,,,,,,,,,,
156,Vinh ,,,,,,,,,,,,,,,
157,Vinh ,,,,,,,,,,,,,,,
158,Vinh ,,,,,,,,,,,,,,,
159,Vinh ,,,,,,,,,,,,,,,
160,Vinh ,,,,,,,,,,,,,,,
161,Vinh ,,,,,,,,,,,,,,,
162,Vinh ,,,,,,,,,,,,,,,
163,Vinh ,,,,,,,,,,,,,,,
164,Vinh ,,,,,,,,,,,,,,,
165,Vinh ,,,,,,,,,,,,,,,
166,Vinh ,,,,,,,,,,,,,,,
167,Vinh ,,,,,,,,,,,,,,,
168,Vinh ,,,,,,,,,,,,,,,
169,Vinh ,,,,,,,,,,,,,,,
170,Vinh ,,,,,,,,,,,,,,,
171,Vinh ,,,,,,,,,,,,,,,
172,Vinh ,,,,,,,,,,,,,,,
173,Vinh ,,,,,,,,,,,,,,,
174,Vinh ,,,,,,,,,,,,,,,
175,Vinh ,,,,,,,,,,,,,,,
176,Vinh ,,,,,,,,,,,,,,,
177,Vinh ,,,,,,,,,,,,,,,
178,Vinh ,,,,,,,,,,,,,,,
179,Vinh ,,,,,,,,,,,,,,,
180,Vinh ,,,,,,,,,,,,,,,
181,Vinh ,,,,,,,,,,,,,,,
182,Vinh ,,,,,,,,,,,,,,,
183,Vinh ,,,,,,,,,,,,,,,
184,Vinh ,,,,,,,,,,,,,,,
185,Vinh ,,,,,,,,,,,,,,,
186,Vinh ,,,,,,,,,,,,,,,
187,Vinh ,,,,,,,,,,,,,,,
188,Vinh ,,,,,,,,,,,,,,,
189,Vinh ,,,,,,,,,,,,,,,
190,Vinh ,,,,,,,,,,,,,,,
191,Vinh ,,,,,,,,,,,,,,,
192,Vinh ,,,,,,,,,,,,,,,
193,Vinh ,,,,,,,,,,,,,,,
194,Vinh ,,,,,,,,,,,,,,,
195,Vinh ,,,,,,,,,,,,,,,
196,Vinh ,,,,,,,,,,,,,,,
197,Vinh ,,,,,,,,,,,,,,,
198,Vinh ,,,,,,,,,,,,,,,
199,Vinh ,,,,,,,,,,,,,,,
200,Vinh ,,,,,,,,,,,,,,,
201,Vinh ,,,,,,,,,,,,,,,
202,Vinh ,,,,,,,,,,,,,,,
203,Vinh ,,,,,,,,,,,,,,,
204,Vinh ,,,,,,,,,,,,,,,
205,Vinh ,,,,,,,,,,,,,,,
206,Vinh ,,,,,,,,,,,,,,,
207,Vinh ,,,,,,,,,,,,,,,
208,Vinh ,,,,,,,,,,,,,,,
209,Vinh ,,,,,,,,,,,,,,,
210,Vinh ,,,,,,,,,,,,,,,
211,Vinh ,,,,,,,,,,,,,,,
212,Vinh ,,,,,,,,,,,,,,,
213,Vinh ,,,,,,,,,,,,,,,
214,Vinh ,,,,,,,,,,,,,,,
215,Vinh ,,,,,,,,,,,,,,,
216,Vinh ,,,,,,,,,,,,,,,
217,Vinh ,,,,,,,,,,,,,,,
218,Vinh ,,,,,,,,,,,,,,,
219,Vinh ,,,,,,,,,,,,,,,
220,Vinh ,,,,,,,,,,,,,,,
221,Vinh ,,,,,,,,,,,,,,,
222,Vinh ,,,,,,,,,,,,,,,
223,Vinh ,,,,,,,,,,,,,,,
224,Vinh ,,,,,,,,,,,,,,,
225,Vinh ,,,,,,,,,,,,,,,
226,Vinh ,,,,,,,,,,,,,,,
227,Vinh ,,,,,,,,,,,,,,,
228,Vinh ,,,,,,,,,,,,,,,
229,Vinh ,,,,,,,,,,,,,,,
230,Vinh ,,,,,,,,,,,,,,,
231,Vinh ,,,,,,,,,,,,,,,
232,Vinh ,,,,,,,,,,,,,,,
233,Vinh ,,,,,,,,,,,,,,,
234,Vinh ,,,,,,,,,,,,,,,
235,Vinh ,,,,,,,,,,,,,,,
236,Vinh ,,,,,,,,,,,,,,,
237,Vinh ,,,,,,,,,,,,,,,
238,Vinh ,,,,,,,,,,,,,,,
239,Vinh ,,,,,,,,,,,,,,,
240,Vinh ,,,,,,,,,,,,,,,
241,Vinh ,,,,,,,,,,,,,,,
242,Vinh ,,,,,,,,,,,,,,,
243,Vinh ,,,,,,,,,,,,,,,
244,Vinh ,,,,,,,,,,,,,,,
245,Vinh ,,,,,,,,,,,,,,,
246,Vinh ,,,,,,,,,,,,,,,
247,Vinh ,,,,,,,,,,,,,,,
248,Vinh ,,,,,,,,,,,,,,,
249,Vinh ,,,,,,,,,,,,,,,
250,Vinh ,,,,,,,,,,,,,,,
251,Vinh ,,,,,,,,,,,,,,,
252,Vinh ,,,,,,,,,,,,,,,
253,Vinh ,,,,,,,,,,,,,,,
254,Vinh ,,,,,,,,,,,,,,,
255,Vinh ,,,,,,,,,,,,,,,
691,Vinh ,,,,,,,,,,,,,,,
692,Vinh ,,,,,,,,,,,,,,,
693,Vinh ,,,,,,,,,,,,,,,
694,Vinh ,,,,,,,,,,,,,,,
695,Vinh ,,,,,,,,,,,,,,,
696,Vinh ,,,,,,,,,,,,,,,
697,Vinh ,,,,,,,,,,,,,,,
698,Vinh ,,,,,,,,,,,,,,,
699,Vinh ,,,,,,,,,,,,,,,
700,Vinh ,,,,,,,,,,,,,,,
701,Vinh ,,,,,,,,,,,,,,,
702,Vinh ,,,,,,,,,,,,,,,
703,Vinh ,,,,,,,,,,,,,,,
704,Vinh ,,,,,,,,,,,,,,,
705,Vinh ,,,,,,,,,,,,,,,
706,Vinh ,,,,,,,,,,,,,,,
707,Vinh ,,,,,,,,,,,,,,,
708,Vinh ,,,,,,,,,,,,,,,
709,Vinh ,,,,,,,,,,,,,,,
710,Vinh ,,,,,,,,,,,,,,,
711,Vinh ,,,,,,,,,,,,,,,
712,Vinh ,,,,,,,,,,,,,,,
713,Vinh ,,,,,,,,,,,,,,,
714,Vinh ,,,,,,,,,,,,,,,
715,Vinh ,,,,,,,,,,,,,,,
716,Vinh ,,,,,,,,,,,,,,,
717,Vinh ,,,,,,,,,,,,,,,
718,Vinh ,,,,,,,,,,,,,,,
719,Vinh ,,,,,,,,,,,,,,,
720,Vinh ,,,,,,,,,,,,,,,
721,Vinh ,,,,,,,,,,,,,,,
722,Vinh ,,,,,,,,,,,,,,,
723,Vinh ,,,,,,,,,,,,,,,
724,Vinh ,,,,,,,,,,,,,,,
725,Vinh ,,,,,,,,,,,,,,,
726,Vinh ,,,,,,,,,,,,,,,
727,Vinh ,,,,,,,,,,,,,,,
728,Vinh ,,,,,,,,,,,,,,,
729,Vinh ,,,,,,,,,,,,,,,
730,Vinh ,,,,,,,,,,,,,,,
731,Vinh ,,,,,,,,,,,,,,,
732,Vinh ,,,,,,,,,,,,,,,
733,Vinh ,,,,,,,,,,,,,,,
734,Vinh ,,,,,,,,,,,,,,,
735,Vinh ,,,,,,,,,,,,,,,
736,Vinh ,,,,,,,,,,,,,,,
737,Vinh ,,,,,,,,,,,,,,,
738,Vinh ,,,,,,,,,,,,,,,
739,Vinh ,,,,,,,,,,,,,,,
740,Vinh ,,,,,,,,,,,,,,,
741,Vinh ,,,,,,,,,,,,,,,
742,Vinh ,,,,,,,,,,,,,,,
743,Vinh ,,,,,,,,,,,,,,,
744,Vinh ,,,,,,,,,,,,,,,
745,Vinh ,,,,,,,,,,,,,,,
746,Vinh ,,,,,,,,,,,,,,,
747,Vinh ,,,,,,,,,,,,,,,
748,Vinh ,,,,,,,,,,,,,,,
749,Vinh ,,,,,,,,,,,,,,,
750,Vinh ,,,,,,,,,,,,,,,
751,Vinh ,,,,,,,,,,,,,,,
752,Vinh ,,,,,,,,,,,,,,,
753,Vinh ,,,,,,,,,,,,,,,
754,Vinh ,,,,,,,,,,,,,,,
755,Vinh ,,,,,,,,,,,,,,,
756,Vinh ,,,,,,,,,,,,,,,
757,Vinh ,,,,,,,,,,,,,,,
758,Vinh ,,,,,,,,,,,,,,,
759,Vinh ,,,,,,,,,,,,,,,
760,Vinh ,,,,,,,,,,,,,,,
761,Vinh ,,,,,,,,,,,,,,,
762,Vinh ,,,,,,,,,,,,,,,
763,Vinh ,,,,,,,,,,,,,,,
764,Vinh ,,,,,,,,,,,,,,,
765,Vinh ,,,,,,,,,,,,,,,
766,Vinh ,,,,,,,,,,,,,,,
767,Vinh ,,,,,,,,,,,,,,,
768,Vinh ,,,,,,,,,,,,,,,
769,Vinh ,,,,,,,,,,,,,,,
770,Vinh ,,,,,,,,,,,,,,,
771,Vinh ,,,,,,,,,,,,,,,
772,Vinh ,,,,,,,,,,,,,,,
773,Vinh ,,,,,,,,,,,,,,,
774,Vinh ,,,,,,,,,,,,,,,
775,Vinh ,,,,,,,,,,,,,,,
776,Vinh ,,,,,,,,,,,,,,,
777,Vinh ,,,,,,,,,,,,,,,
778,Vinh ,,,,,,,,,,,,,,,
779,Vinh ,,,,,,,,,,,,,,,
780,Vinh ,,,,,,,,,,,,,,,
781,Vinh ,,,,,,,,,,,,,,,
782,Vinh ,,,,,,,,,,,,,,,
783,Vinh ,,,,,,,,,,,,,,,
784,Vinh ,,,,,,,,,,,,,,,
785,Vinh ,,,,,,,,,,,,,,,
786,Vinh ,,,,,,,,,,,,,,,
787,Vinh ,,,,,,,,,,,,,,,
788,Vinh ,,,,,,,,,,,,,,,
789,Vinh ,,,,,,,,,,,,,,,
790,Vinh ,,,,,,,,,,,,,,,
791,Vinh ,,,,,,,,,,,,,,,
792,Vinh ,,,,,,,,,,,,,,,
793,Vinh ,,,,,,,,,,,,,,,
794,Vinh ,,,,,,,,,,,,,,,
795,Vinh ,,,,,,,,,,,,,,,
796,Vinh ,,,,,,,,,,,,,,,
797,Vinh ,,,,,,,,,,,,,,,
798,Vinh ,,,,,,,,,,,,,,,
799,Vinh ,,,,,,,,,,,,,,,
800,Vinh ,,,,,,,,,,,,,,,
801,Vinh ,,,,,,,,,,,,,,,
802,Vinh ,,,,,,,,,,,,,,,
803,Vinh ,,,,,,,,,,,,,,,
804,Vinh ,,,,,,,,,,,,,,,
805,Vinh ,,,,,,,,,,,,,,,
806,Vinh ,,,,,,,,,,,,,,,
807,Vinh ,,,,,,,,,,,,,,,
808,Vinh ,,,,,,,,,,,,,,,
809,Vinh ,,,,,,,,,,,,,,,
810,Vinh ,,,,,,,,,,,,,,,
811,Vinh ,,,,,,,,,,,,,,,
812,Vinh ,,,,,,,,,,,,,,,
813,Vinh ,,,,,,,,,,,,,,,
814,Vinh ,,,,,,,,,,,,,,,
815,Vinh ,,,,,,,,,,,,,,,
816,Vinh ,,,,,,,,,,,,,,,
817,Vinh ,,,,,,,,,,,,,,,
818,Vinh ,,,,,,,,,,,,,,,
819,Vinh ,,,,,,,,,,,,,,,
820,Vinh ,,,,,,,,,,,,,,,
821,Vinh ,,,,,,,,,,,,,,,
822,Vinh ,,,,,,,,,,,,,,,
823,Vinh ,,,,,,,,,,,,,,,
824,Vinh ,,,,,,,,,,,,,,,
825,Vinh ,,,,,,,,,,,,,,,
826,Vinh ,,,,,,,,,,,,,,,
827,Vinh ,,,,,,,,,,,,,,,
828,Vinh ,,,,,,,,,,,,,,,
829,Vinh ,,,,,,,,,,,,,,,
830,Vinh ,,,,,,,,,,,,,,,
831,Vinh ,,,,,,,,,,,,,,,
832,Vinh ,,,,,,,,,,,,,,,
833,Vinh ,,,,,,,,,,,,,,,
834,Vinh ,,,,,,,,,,,,,,,
835,Vinh ,,,,,,,,,,,,,,,
836,Vinh ,,,,,,,,,,,,,,,
837,Vinh ,,,,,,,,,,,,,,,
838,Vinh ,,,,,,,,,,,,,,,
839,Vinh ,,,,,,,,,,,,,,,
840,Vinh ,,,,,,,,,,,,,,,
841,Vinh ,,,,,,,,,,,,,,,
842,Vinh ,,,,,,,,,,,,,,,
843,Vinh ,,,,,,,,,,,,,,,
844,Vinh ,,,,,,,,,,,,,,,
845,Vinh ,,,,,,,,,,,,,,,
846,Vinh ,,,,,,,,,,,,,,,
847,Vinh ,,,,,,,,,,,,,,,
848,Vinh ,,,,,,,,,,,,,,,
849,Vinh ,,,,,,,,,,,,,,,
850,Vinh ,,,,,,,,,,,,,,,
851,Vinh ,,,,,,,,,,,,,,,
852,Vinh ,,,,,,,,,,,,,,,
853,Vinh ,,,,,,,,,,,,,,,
854,Vinh ,,,,,,,,,,,,,,,
855,Vinh ,,,,,,,,,,,,,,,
856,Vinh ,,,,,,,,,,,,,,,
857,Vinh ,,,,,,,,,,,,,,,
858,Vinh ,,,,,,,,,,,,,,,
859,Vinh ,,,,,,,,,,,,,,,
860,Vinh ,,,,,,,,,,,,,,,
861,Vinh ,,,,,,,,,,,,,,,
862,Vinh ,,,,,,,,,,,,,,,
863,Vinh ,,,,,,,,,,,,,,,
864,Vinh ,,,,,,,,,,,,,,,
865,Vinh ,,,,,,,,,,,,,,,
866,Vinh ,,,,,,,,,,,,,,,
867,Vinh ,,,,,,,,,,,,,,,
868,Vinh ,,,,,,,,,,,,,,,
869,Vinh ,,,,,,,,,,,,,,,
870,Vinh ,,,,,,,,,,,,,,,
871,Vinh ,,,,,,,,,,,,,,,
872,Vinh ,,,,,,,,,,,,,,,
873,Vinh ,,,,,,,,,,,,,,,
874,Vinh ,,,,,,,,,,,,,,,
875,Vinh ,,,,,,,,,,,,,,,
876,Vinh ,,,,,,,,,,,,,,,
877,Vinh ,,,,,,,,,,,,,,,
878,Vinh ,,,,,,,,,,,,,,,
879,Vinh ,,,,,,,,,,,,,,,
880,Vinh ,,,,,,,,,,,,,,,
881,Vinh ,,,,,,,,,,,,,,,
882,Vinh ,,,,,,,,,,,,,,,
883,Vinh ,,,,,,,,,,,,,,,
884,Vinh ,,,,,,,,,,,,,,,
885,Vinh ,,,,,,,,,,,,,,,
886,Vinh ,,,,,,,,,,,,,,,
887,Vinh ,,,,,,,,,,,,,,,
888,Vinh ,,,,,,,,,,,,,,,
889,Vinh ,,,,,,,,,,,,,,,
890,Vinh ,,,,,,,,,,,,,,,
891,Vinh ,,,,,,,,,,,,,,,
892,Vinh ,,,,,,,,,,,,,,,
893,Vinh ,,,,,,,,,,,,,,,
894,Vinh ,,,,,,,,,,,,,,,
895,Vinh ,,,,,,,,,,,,,,,
896,Vinh ,,,,,,,,,,,,,,,
897,Vinh ,,,,,,,,,,,,,,,
898,Vinh ,,,,,,,,,,,,,,,
899,Vinh ,,,,,,,,,,,,,,,
900,Vinh ,,,,,,,,,,,,,,,
901,Vinh ,,,,,,,,,,,,,,,
902,Vinh ,,,,,,,,,,,,,,,
903,Vinh ,,,,,,,,,,,,,,,
904,Vinh ,,,,,,,,,,,,,,,
905,Vinh ,,,,,,,,,,,,,,,
906,Vinh ,,,,,,,,,,,,,,,
907,Vinh ,,,,,,,,,,,,,,,
908,Vinh ,,,,,,,,,,,,,,,
909,Vinh ,,,,,,,,,,,,,,,
910,Vinh ,,,,,,,,,,,,,,,
911,Vinh ,,,,,,,,,,,,,,,
912,Vinh ,,,,,,,,,,,,,,,
913,Vinh ,,,,,,,,,,,,,,,
914,Vinh ,,,,,,,,,,,,,,,
915,Vinh ,,,,,,,,,,,,,,,
916,Vinh ,,,,,,,,,,,,,,,
917,Vinh ,,,,,,,,,,,,,,,
918,Vinh ,,,,,,,,,,,,,,,
919,Vinh ,,,,,,,,,,,,,,,
920,Vinh ,,,,,,,,,,,,,,,
921,Vinh ,,,,,,,,,,,,,,,
922,Vinh ,,,,,,,,,,,,,,,
923,Vinh ,,,,,,,,,,,,,,,
924,Vinh ,,,,,,,,,,,,,,,
925,Vinh ,,,,,,,,,,,,,,,
926,Vinh ,,,,,,,,,,,,,,,
927,Vinh ,,,,,,,,,,,,,,,
928,Vinh ,,,,,,,,,,,,,,,
929,Vinh ,,,,,,,,,,,,,,,
930,Vinh ,,,,,,,,,,,,,,,
931,Vinh ,,,,,,,,,,,,,,,
932,Vinh ,,,,,,,,,,,,,,,
933,Vinh ,,,,,,,,,,,,,,,
934,Vinh ,,,,,,,,,,,,,,,
935,Vinh ,,,,,,,,,,,,,,,
936,Vinh ,,,,,,,,,,,,,,,
937,Vinh ,,,,,,,,,,,,,,,
938,Vinh ,,,,,,,,,,,,,,,
939,Vinh ,,,,,,,,,,,,,,,
940,Vinh ,,,,,,,,,,,,,,,
941,Vinh ,,,,,,,,,,,,,,,
942,Vinh ,,,,,,,,,,,,,,,
943,Vinh ,,,,,,,,,,,,,,,
944,Vinh ,,,,,,,,,,,,,,,
945,Vinh ,,,,,,,,,,,,,,,
946,Vinh ,,,,,,,,,,,,,,,
947,Vinh ,,,,,,,,,,,,,,,
948,Vinh ,,,,,,,,,,,,,,,
949,Vinh ,,,,,,,,,,,,,,,
950,Vinh ,,,,,,,,,,,,,,,
951,Vinh ,,,,,,,,,,,,,,,
952,Vinh ,,,,,,,,,,,,,,,
953,Vinh ,,,,,,,,,,,,,,,
954,Vinh ,,,,,,,,,,,,,,,
955,Vinh ,,,,,,,,,,,,,,,
956,Vinh ,,,,,,,,,,,,,,,
957,Vinh ,,,,,,,,,,,,,,,
958,Vinh ,,,,,,,,,,,,,,,
959,Vinh ,,,,,,,,,,,,,,,
960,Vinh ,,,,,,,,,,,,,,,
961,Vinh ,,,,,,,,,,,,,,,
962,Vinh ,,,,,,,,,,,,,,,
963,Vinh ,,,,,,,,,,,,,,,
964,Vinh ,,,,,,,,,,,,,,,
965,Vinh ,,,,,,,,,,,,,,,
966,Vinh ,,,,,,,,,,,,,,,
967,Vinh ,,,,,,,,,,,,,,,
968,Vinh ,,,,,,,,,,,,,,,
969,Vinh ,,,,,,,,,,,,,,,
970,Vinh ,,,,,,,,,,,,,,,
971,Vinh ,,,,,,,,,,,,,,,
972,Vinh ,,,,,,,,,,,,,,,
973,Vinh ,,,,,,,,,,,,,,,
974,Vinh ,,,,,,,,,,,,,,,
975,Vinh ,,,,,,,,,,,,,,,
976,Vinh ,,,,,,,,,,,,,,,
977,Vinh ,,,,,,,,,,,,,,,
978,Vinh ,,,,,,,,,,,,,,,
979,Vinh ,,,,,,,,,,,,,,,
980,Vinh ,,,,,,,,,,,,,,,
981,Vinh ,,,,,,,,,,,,,,,
982,Vinh ,,,,,,,,,,,,,,,
983,Vinh ,,,,,,,,,,,,,,,
984,Vinh ,,,,,,,,,,,,,,,
985,Vinh ,,,,,,,,,,,,,,,
986,Vinh ,,,,,,,,,,,,,,,
987,Vinh ,,,,,,,,,,,,,,,
988,Vinh ,,,,,,,,,,,,,,,
989,Vinh ,,,,,,,,,,,,,,,
990,Vinh ,,,,,,,,,,,,,,,
991,Vinh ,,,,,,,,,,,,,,,
992,Vinh ,,,,,,,,,,,,,,,
993,Vinh ,,,,,,,,,,,,,,,
994,Vinh ,,,,,,,,,,,,,,,
995,Vinh ,,,,,,,,,,,,,,,
996,Vinh ,,,,,,,,,,,,,,,
997,Vinh ,,,,,,,,,,,,,,,
998,Vinh ,,,,,,,,,,,,,,,
999,Vinh ,,,,,,,,,,,,,,,
1000,Vinh ,,,,,,,,,,,,,,,
1001,Vinh ,,,,,,,,,,,,,,,
1002,Vinh ,,,,,,,,,,,,,,,
1003,Vinh ,,,,,,,,,,,,,,,
1004,Vinh ,,,,,,,,,,,,,,,